PopName,Sex,Year,Age,mx,qx,ax,lx,dx,Lx,Tx,ex
Div9,m,1960-1964,0,0.02651,0.02590,0.12,100000,2590,97711,6768152,67.68
Div9,m,1960-1964,1,0.00159,0.00159,0.5,97410,155,97332,6670441,68.48
Div9,m,1960-1964,2,0.00108,0.00107,0.5,97255,104,97203,6573109,67.59
Div9,m,1960-1964,3,0.00080,0.00080,0.5,97150,78,97111,6475906,66.66
Div9,m,1960-1964,4,0.00067,0.00067,0.5,97072,65,97040,6378795,65.71
Div9,m,1960-1964,5,0.00057,0.00057,0.5,97008,55,96980,6281755,64.76
Div9,m,1960-1964,6,0.00056,0.00056,0.5,96953,54,96926,6184774,63.79
Div9,m,1960-1964,7,0.00049,0.00049,0.5,96899,47,96875,6087848,62.83
Div9,m,1960-1964,8,0.00044,0.00044,0.5,96852,43,96830,5990973,61.86
Div9,m,1960-1964,9,0.00041,0.00041,0.5,96809,40,96789,5894143,60.88
Div9,m,1960-1964,10,0.00039,0.00039,0.5,96769,38,96750,5797354,59.91
Div9,m,1960-1964,11,0.00041,0.00041,0.5,96731,39,96712,5700603,58.93
Div9,m,1960-1964,12,0.00043,0.00043,0.5,96692,41,96671,5603892,57.96
Div9,m,1960-1964,13,0.00053,0.00053,0.5,96651,51,96625,5507220,56.98
Div9,m,1960-1964,14,0.00055,0.00055,0.5,96600,53,96573,5410595,56.01
Div9,m,1960-1964,15,0.00072,0.00072,0.5,96547,70,96512,5314021,55.04
Div9,m,1960-1964,16,0.00102,0.00102,0.5,96477,98,96428,5217510,54.08
Div9,m,1960-1964,17,0.00122,0.00122,0.5,96379,118,96320,5121082,53.13
Div9,m,1960-1964,18,0.00146,0.00146,0.5,96261,140,96191,5024762,52.20
Div9,m,1960-1964,19,0.00167,0.00167,0.5,96121,161,96041,4928571,51.27
Div9,m,1960-1964,20,0.00168,0.00168,0.5,95960,161,95880,4832530,50.36
Div9,m,1960-1964,21,0.00186,0.00186,0.5,95799,178,95710,4736651,49.44
Div9,m,1960-1964,22,0.00173,0.00173,0.5,95621,165,95539,4640941,48.53
Div9,m,1960-1964,23,0.00178,0.00178,0.5,95456,170,95371,4545402,47.62
Div9,m,1960-1964,24,0.00160,0.00160,0.5,95286,152,95210,4450031,46.70
Div9,m,1960-1964,25,0.00158,0.00158,0.5,95134,151,95059,4354821,45.78
Div9,m,1960-1964,26,0.00163,0.00163,0.5,94983,154,94906,4259762,44.85
Div9,m,1960-1964,27,0.00162,0.00162,0.5,94829,153,94753,4164856,43.92
Div9,m,1960-1964,28,0.00170,0.00169,0.5,94676,160,94596,4070103,42.99
Div9,m,1960-1964,29,0.00169,0.00168,0.5,94516,159,94436,3975507,42.06
Div9,m,1960-1964,30,0.00168,0.00168,0.5,94356,158,94277,3881072,41.13
Div9,m,1960-1964,31,0.00181,0.00180,0.5,94198,170,94113,3786794,40.20
Div9,m,1960-1964,32,0.00194,0.00194,0.5,94028,183,93937,3692681,39.27
Div9,m,1960-1964,33,0.00205,0.00205,0.5,93845,192,93749,3598745,38.35
Div9,m,1960-1964,34,0.00205,0.00205,0.5,93653,192,93557,3504995,37.43
Div9,m,1960-1964,35,0.00222,0.00222,0.5,93461,207,93358,3411438,36.50
Div9,m,1960-1964,36,0.00247,0.00247,0.5,93254,230,93139,3318080,35.58
Div9,m,1960-1964,37,0.00265,0.00265,0.5,93024,247,92900,3224942,34.67
Div9,m,1960-1964,38,0.00283,0.00283,0.5,92777,263,92646,3132041,33.76
Div9,m,1960-1964,39,0.00328,0.00327,0.5,92515,303,92363,3039395,32.85
Div9,m,1960-1964,40,0.00345,0.00344,0.5,92212,317,92053,2947032,31.96
Div9,m,1960-1964,41,0.00368,0.00368,0.5,91895,338,91726,2854979,31.07
Div9,m,1960-1964,42,0.00417,0.00416,0.5,91557,381,91366,2763253,30.18
Div9,m,1960-1964,43,0.00459,0.00458,0.5,91176,417,90968,2671887,29.30
Div9,m,1960-1964,44,0.00528,0.00526,0.5,90759,478,90520,2580919,28.44
Div9,m,1960-1964,45,0.00577,0.00576,0.5,90281,520,90021,2490399,27.58
Div9,m,1960-1964,46,0.00637,0.00635,0.5,89762,570,89477,2400377,26.74
Div9,m,1960-1964,47,0.00675,0.00672,0.5,89192,600,88892,2310901,25.91
Div9,m,1960-1964,48,0.00758,0.00755,0.5,88592,669,88257,2222009,25.08
Div9,m,1960-1964,49,0.00854,0.00851,0.5,87923,748,87549,2133752,24.27
Div9,m,1960-1964,50,0.00924,0.00920,0.5,87175,802,86774,2046203,23.47
Div9,m,1960-1964,51,0.01048,0.01042,0.5,86373,900,85923,1959429,22.69
Div9,m,1960-1964,52,0.01138,0.01132,0.5,85473,968,84989,1873505,21.92
Div9,m,1960-1964,53,0.01243,0.01235,0.5,84506,1044,83984,1788516,21.16
Div9,m,1960-1964,54,0.01379,0.01369,0.5,83462,1143,82890,1704532,20.42
Div9,m,1960-1964,55,0.01484,0.01473,0.5,82319,1212,81713,1621642,19.70
Div9,m,1960-1964,56,0.01616,0.01603,0.5,81107,1301,80456,1539929,18.99
Div9,m,1960-1964,57,0.01797,0.01781,0.5,79806,1421,79096,1459473,18.29
Div9,m,1960-1964,58,0.01935,0.01917,0.5,78385,1502,77634,1380377,17.61
Div9,m,1960-1964,59,0.02060,0.02039,0.5,76883,1568,76099,1302744,16.94
Div9,m,1960-1964,60,0.02231,0.02206,0.5,75315,1662,74484,1226645,16.29
Div9,m,1960-1964,61,0.02383,0.02355,0.5,73653,1734,72786,1152161,15.64
Div9,m,1960-1964,62,0.02673,0.02638,0.5,71919,1897,70970,1079375,15.01
Div9,m,1960-1964,63,0.02865,0.02825,0.5,70022,1978,69033,1008405,14.40
Div9,m,1960-1964,64,0.03158,0.03109,0.5,68044,2115,66986,939372,13.81
Div9,m,1960-1964,65,0.03515,0.03454,0.5,65928,2277,64790,872386,13.23
Div9,m,1960-1964,66,0.03701,0.03634,0.5,63651,2313,62495,807597,12.69
Div9,m,1960-1964,67,0.04001,0.03922,0.5,61338,2406,60135,745102,12.15
Div9,m,1960-1964,68,0.04232,0.04144,0.5,58933,2442,57711,684967,11.62
Div9,m,1960-1964,69,0.04512,0.04413,0.5,56490,2493,55244,627255,11.10
Div9,m,1960-1964,70,0.04898,0.04781,0.5,53998,2582,52707,572011,10.59
Div9,m,1960-1964,71,0.05109,0.04982,0.5,51416,2561,50135,519304,10.10
Div9,m,1960-1964,72,0.05688,0.05531,0.5,48855,2702,47504,469169,9.60
Div9,m,1960-1964,73,0.06172,0.05987,0.5,46153,2763,44771,421665,9.14
Div9,m,1960-1964,74,0.06714,0.06496,0.5,43389,2819,41980,376894,8.69
Div9,m,1960-1964,75,0.07175,0.06927,0.5,40571,2810,39166,334914,8.26
Div9,m,1960-1964,76,0.07626,0.07346,0.5,37760,2774,36374,295749,7.83
Div9,m,1960-1964,77,0.08224,0.07899,0.5,34987,2764,33605,259375,7.41
Div9,m,1960-1964,78,0.08750,0.08383,0.5,32223,2701,30872,225770,7.01
Div9,m,1960-1964,79,0.09682,0.09235,0.5,29522,2726,28159,194898,6.60
Div9,m,1960-1964,80,0.10703,0.10160,0.5,26796,2722,25434,166739,6.22
Div9,m,1960-1964,81,0.11454,0.10833,0.5,24073,2608,22769,141305,5.87
Div9,m,1960-1964,82,0.12574,0.11830,0.5,21465,2539,20196,118536,5.52
Div9,m,1960-1964,83,0.13718,0.12837,0.5,18926,2430,17711,98340,5.20
Div9,m,1960-1964,84,0.15218,0.14142,0.5,16496,2333,15330,80629,4.89
Div9,m,1960-1964,85,0.16405,0.15161,0.5,14163,2147,13090,65299,4.61
Div9,m,1960-1964,86,0.17739,0.16293,0.5,12016,1958,11037,52209,4.34
Div9,m,1960-1964,87,0.19422,0.17703,0.5,10058,1781,9168,41172,4.09
Div9,m,1960-1964,88,0.20894,0.18918,0.5,8278,1566,7495,32004,3.87
Div9,m,1960-1964,89,0.22630,0.20330,0.5,6712,1364,6029,24509,3.65
Div9,m,1960-1964,90,0.24400,0.21747,0.5,5347,1163,4766,18480,3.46
Div9,m,1960-1964,91,0.24965,0.22194,0.5,4184,929,3720,13714,3.28
Div9,m,1960-1964,92,0.28283,0.24779,0.5,3256,807,2852,9994,3.07
Div9,m,1960-1964,93,0.29729,0.25882,0.5,2449,634,2132,7142,2.92
Div9,m,1960-1964,94,0.31397,0.27137,0.5,1815,493,1569,5010,2.76
Div9,m,1960-1964,95,0.34185,0.29195,0.5,1323,386,1129,3441,2.60
Div9,m,1960-1964,96,0.36425,0.30813,0.5,936,289,792,2312,2.47
Div9,m,1960-1964,97,0.38725,0.32443,0.5,648,210,543,1519,2.35
Div9,m,1960-1964,98,0.41077,0.34078,0.5,438,149,363,977,2.23
Div9,m,1960-1964,99,0.43470,0.35709,0.5,289,103,237,613,2.13
Div9,m,1960-1964,100,0.45894,0.37328,0.5,186,69,151,376,2.03
Div9,m,1960-1964,101,0.48337,0.38929,0.5,116,45,94,226,1.94
Div9,m,1960-1964,102,0.50789,0.40503,0.5,71,29,57,132,1.86
Div9,m,1960-1964,103,0.53237,0.42045,0.5,42,18,33,75,1.78
Div9,m,1960-1964,104,0.55669,0.43548,0.5,24,11,19,42,1.72
Div9,m,1960-1964,105,0.58074,0.45006,0.5,14,6,11,23,1.65
Div9,m,1960-1964,106,0.60442,0.46415,0.5,8,4,6,12,1.60
Div9,m,1960-1964,107,0.62761,0.47771,0.5,4,2,3,6,1.54
Div9,m,1960-1964,108,0.65024,0.49070,0.5,2,1,2,3,1.50
Div9,m,1960-1964,109,0.67220,0.50311,0.5,1,1,1,2,1.47
Div9,m,1960-1964,110+,0.69344,1.00000,1.44,1,1,1,1,1.44
Div9,m,1965-1969,0,0.02321,0.02274,0.11,100000,2274,97970,6785225,67.85
Div9,m,1965-1969,1,0.00143,0.00143,0.5,97726,140,97656,6687256,68.43
Div9,m,1965-1969,2,0.00102,0.00102,0.5,97586,99,97536,6589600,67.53
Div9,m,1965-1969,3,0.00077,0.00077,0.5,97487,75,97449,6492064,66.59
Div9,m,1965-1969,4,0.00064,0.00064,0.5,97411,62,97380,6394615,65.65
Div9,m,1965-1969,5,0.00057,0.00057,0.5,97349,55,97322,6297235,64.69
Div9,m,1965-1969,6,0.00050,0.00050,0.5,97294,49,97270,6199913,63.72
Div9,m,1965-1969,7,0.00045,0.00045,0.5,97246,44,97224,6102643,62.75
Div9,m,1965-1969,8,0.00043,0.00043,0.5,97202,42,97181,6005419,61.78
Div9,m,1965-1969,9,0.00039,0.00039,0.5,97160,37,97141,5908238,60.81
Div9,m,1965-1969,10,0.00036,0.00036,0.5,97122,35,97105,5811097,59.83
Div9,m,1965-1969,11,0.00039,0.00039,0.5,97087,38,97069,5713992,58.85
Div9,m,1965-1969,12,0.00043,0.00043,0.5,97050,42,97029,5616924,57.88
Div9,m,1965-1969,13,0.00051,0.00051,0.5,97008,50,96983,5519895,56.90
Div9,m,1965-1969,14,0.00062,0.00062,0.5,96958,60,96928,5422911,55.93
Div9,m,1965-1969,15,0.00084,0.00084,0.5,96898,81,96858,5325983,54.96
Div9,m,1965-1969,16,0.00118,0.00118,0.5,96817,114,96760,5229125,54.01
Div9,m,1965-1969,17,0.00144,0.00144,0.5,96703,139,96633,5132365,53.07
Div9,m,1965-1969,18,0.00176,0.00175,0.5,96564,169,96479,5035732,52.15
Div9,m,1965-1969,19,0.00184,0.00184,0.5,96394,177,96306,4939253,51.24
Div9,m,1965-1969,20,0.00189,0.00189,0.5,96217,182,96126,4842948,50.33
Div9,m,1965-1969,21,0.00199,0.00199,0.5,96035,191,95940,4746822,49.43
Div9,m,1965-1969,22,0.00202,0.00201,0.5,95844,193,95748,4650882,48.53
Div9,m,1965-1969,23,0.00194,0.00194,0.5,95651,185,95559,4555135,47.62
Div9,m,1965-1969,24,0.00184,0.00184,0.5,95466,176,95378,4459576,46.71
Div9,m,1965-1969,25,0.00188,0.00187,0.5,95290,179,95201,4364198,45.80
Div9,m,1965-1969,26,0.00173,0.00173,0.5,95111,164,95029,4268998,44.88
Div9,m,1965-1969,27,0.00180,0.00180,0.5,94947,171,94862,4173968,43.96
Div9,m,1965-1969,28,0.00185,0.00185,0.5,94776,176,94689,4079107,43.04
Div9,m,1965-1969,29,0.00189,0.00189,0.5,94601,178,94512,3984418,42.12
Div9,m,1965-1969,30,0.00187,0.00187,0.5,94422,177,94334,3889906,41.20
Div9,m,1965-1969,31,0.00191,0.00191,0.5,94246,180,94156,3795572,40.27
Div9,m,1965-1969,32,0.00197,0.00197,0.5,94066,185,93974,3701416,39.35
Div9,m,1965-1969,33,0.00215,0.00215,0.5,93881,201,93780,3607443,38.43
Div9,m,1965-1969,34,0.00223,0.00223,0.5,93680,209,93575,3513662,37.51
Div9,m,1965-1969,35,0.00238,0.00238,0.5,93471,222,93360,3420087,36.59
Div9,m,1965-1969,36,0.00250,0.00250,0.5,93248,233,93132,3326728,35.68
Div9,m,1965-1969,37,0.00262,0.00261,0.5,93016,243,92894,3233595,34.76
Div9,m,1965-1969,38,0.00301,0.00301,0.5,92773,279,92633,3140701,33.85
Div9,m,1965-1969,39,0.00318,0.00317,0.5,92494,293,92347,3048068,32.95
Div9,m,1965-1969,40,0.00353,0.00353,0.5,92200,325,92038,2955721,32.06
Div9,m,1965-1969,41,0.00391,0.00391,0.5,91875,359,91696,2863683,31.17
Div9,m,1965-1969,42,0.00439,0.00438,0.5,91516,401,91316,2771988,30.29
Div9,m,1965-1969,43,0.00468,0.00467,0.5,91116,425,90903,2680672,29.42
Div9,m,1965-1969,44,0.00515,0.00513,0.5,90690,466,90458,2589769,28.56
Div9,m,1965-1969,45,0.00563,0.00561,0.5,90225,506,89972,2499311,27.70
Div9,m,1965-1969,46,0.00600,0.00599,0.5,89719,537,89450,2409340,26.85
Div9,m,1965-1969,47,0.00674,0.00672,0.5,89182,599,88882,2319890,26.01
Div9,m,1965-1969,48,0.00722,0.00720,0.5,88582,637,88264,2231008,25.19
Div9,m,1965-1969,49,0.00820,0.00816,0.5,87945,718,87586,2142744,24.36
Div9,m,1965-1969,50,0.00903,0.00899,0.5,87227,785,86835,2055158,23.56
Div9,m,1965-1969,51,0.00990,0.00985,0.5,86442,851,86017,1968324,22.77
Div9,m,1965-1969,52,0.01090,0.01084,0.5,85591,928,85127,1882307,21.99
Div9,m,1965-1969,53,0.01215,0.01207,0.5,84663,1022,84152,1797180,21.23
Div9,m,1965-1969,54,0.01306,0.01297,0.5,83640,1085,83098,1713029,20.48
Div9,m,1965-1969,55,0.01455,0.01444,0.5,82555,1192,81959,1629931,19.74
Div9,m,1965-1969,56,0.01580,0.01568,0.5,81363,1276,80725,1547971,19.03
Div9,m,1965-1969,57,0.01725,0.01710,0.5,80087,1370,79403,1467246,18.32
Div9,m,1965-1969,58,0.01930,0.01911,0.5,78718,1504,77966,1387844,17.63
Div9,m,1965-1969,59,0.02065,0.02044,0.5,77213,1578,76424,1309878,16.96
Div9,m,1965-1969,60,0.02226,0.02201,0.5,75635,1665,74803,1233454,16.31
Div9,m,1965-1969,61,0.02450,0.02421,0.5,73970,1791,73075,1158651,15.66
Div9,m,1965-1969,62,0.02727,0.02691,0.5,72180,1942,71209,1085576,15.04
Div9,m,1965-1969,63,0.02863,0.02823,0.5,70238,1983,69246,1014368,14.44
Div9,m,1965-1969,64,0.03087,0.03040,0.5,68255,2075,67217,945121,13.85
Div9,m,1965-1969,65,0.03388,0.03332,0.5,66180,2205,65077,877904,13.27
Div9,m,1965-1969,66,0.03574,0.03511,0.5,63975,2246,62852,812827,12.71
Div9,m,1965-1969,67,0.03938,0.03862,0.5,61729,2384,60537,749975,12.15
Div9,m,1965-1969,68,0.04233,0.04145,0.5,59345,2460,58115,689438,11.62
Div9,m,1965-1969,69,0.04530,0.04430,0.5,56885,2520,55625,631324,11.10
Div9,m,1965-1969,70,0.04980,0.04859,0.5,54365,2641,53044,575699,10.59
Div9,m,1965-1969,71,0.05317,0.05180,0.5,51724,2679,50384,522655,10.10
Div9,m,1965-1969,72,0.05883,0.05715,0.5,49044,2803,47643,472271,9.63
Div9,m,1965-1969,73,0.06189,0.06004,0.5,46242,2776,44854,424628,9.18
Div9,m,1965-1969,74,0.06681,0.06465,0.5,43465,2810,42060,379774,8.74
Div9,m,1965-1969,75,0.07256,0.07002,0.5,40656,2847,39232,337714,8.31
Div9,m,1965-1969,76,0.07755,0.07466,0.5,37809,2823,36398,298481,7.89
Div9,m,1965-1969,77,0.08334,0.08001,0.5,34986,2799,33587,262084,7.49
Div9,m,1965-1969,78,0.08878,0.08501,0.5,32187,2736,30819,228497,7.10
Div9,m,1965-1969,79,0.09680,0.09233,0.5,29451,2719,28091,197678,6.71
Div9,m,1965-1969,80,0.10534,0.10006,0.5,26732,2675,25394,169587,6.34
Div9,m,1965-1969,81,0.10964,0.10395,0.5,24057,2501,22806,144193,5.99
Div9,m,1965-1969,82,0.12330,0.11614,0.5,21556,2503,20304,121386,5.63
Div9,m,1965-1969,83,0.13681,0.12805,0.5,19053,2440,17833,101082,5.31
Div9,m,1965-1969,84,0.14687,0.13682,0.5,16613,2273,15476,83249,5.01
Div9,m,1965-1969,85,0.15904,0.14733,0.5,14340,2113,13284,67773,4.73
Div9,m,1965-1969,86,0.17246,0.15877,0.5,12227,1941,11257,54489,4.46
Div9,m,1965-1969,87,0.18930,0.17293,0.5,10286,1779,9397,43232,4.20
Div9,m,1965-1969,88,0.19678,0.17915,0.5,8507,1524,7745,33836,3.98
Div9,m,1965-1969,89,0.21721,0.19593,0.5,6983,1368,6299,26090,3.74
Div9,m,1965-1969,90,0.24108,0.21514,0.5,5615,1208,5011,19791,3.52
Div9,m,1965-1969,91,0.24534,0.21853,0.5,4407,963,3925,14780,3.35
Div9,m,1965-1969,92,0.27359,0.24066,0.5,3444,829,3029,10855,3.15
Div9,m,1965-1969,93,0.29166,0.25454,0.5,2615,666,2282,7826,2.99
Div9,m,1965-1969,94,0.30847,0.26725,0.5,1949,521,1689,5543,2.84
Div9,m,1965-1969,95,0.32809,0.28185,0.5,1428,403,1227,3855,2.70
Div9,m,1965-1969,96,0.34945,0.29747,0.5,1026,305,873,2627,2.56
Div9,m,1965-1969,97,0.37144,0.31326,0.5,721,226,608,1754,2.43
Div9,m,1965-1969,98,0.39397,0.32914,0.5,495,163,413,1146,2.32
Div9,m,1965-1969,99,0.41696,0.34503,0.5,332,115,275,733,2.21
Div9,m,1965-1969,100,0.44032,0.36087,0.5,217,78,178,458,2.11
Div9,m,1965-1969,101,0.46395,0.37659,0.5,139,52,113,280,2.01
Div9,m,1965-1969,102,0.48774,0.39211,0.5,87,34,70,167,1.93
Div9,m,1965-1969,103,0.51158,0.40738,0.5,53,21,42,97,1.85
Div9,m,1965-1969,104,0.53537,0.42232,0.5,31,13,25,55,1.78
Div9,m,1965-1969,105,0.55901,0.43689,0.5,18,8,14,31,1.71
Div9,m,1965-1969,106,0.58238,0.45104,0.5,10,5,8,17,1.65
Div9,m,1965-1969,107,0.60538,0.46472,0.5,6,3,4,9,1.60
Div9,m,1965-1969,108,0.62793,0.47789,0.5,3,1,2,5,1.55
Div9,m,1965-1969,109,0.64993,0.49053,0.5,2,1,1,2,1.51
Div9,m,1965-1969,110+,0.67131,1.00000,1.49,1,1,1,1,1.49
Div9,m,1970-1974,0,0.01851,0.01821,0.09,100000,1821,98352,6887198,68.87
Div9,m,1970-1974,1,0.00122,0.00122,0.5,98179,120,98119,6788846,69.15
Div9,m,1970-1974,2,0.00095,0.00095,0.5,98059,93,98013,6690727,68.23
Div9,m,1970-1974,3,0.00077,0.00077,0.5,97966,76,97929,6592714,67.30
Div9,m,1970-1974,4,0.00063,0.00063,0.5,97891,61,97860,6494785,66.35
Div9,m,1970-1974,5,0.00054,0.00054,0.5,97829,53,97803,6396925,65.39
Div9,m,1970-1974,6,0.00049,0.00049,0.5,97776,48,97752,6299123,64.42
Div9,m,1970-1974,7,0.00043,0.00043,0.5,97728,42,97707,6201371,63.46
Div9,m,1970-1974,8,0.00040,0.00040,0.5,97686,40,97666,6103664,62.48
Div9,m,1970-1974,9,0.00038,0.00038,0.5,97646,37,97628,6005998,61.51
Div9,m,1970-1974,10,0.00038,0.00038,0.5,97609,37,97591,5908370,60.53
Div9,m,1970-1974,11,0.00037,0.00037,0.5,97572,36,97554,5810779,59.55
Div9,m,1970-1974,12,0.00040,0.00040,0.5,97536,39,97517,5713225,58.58
Div9,m,1970-1974,13,0.00045,0.00045,0.5,97497,44,97475,5615709,57.60
Div9,m,1970-1974,14,0.00063,0.00063,0.5,97453,61,97422,5518233,56.62
Div9,m,1970-1974,15,0.00087,0.00087,0.5,97392,84,97350,5420811,55.66
Div9,m,1970-1974,16,0.00120,0.00120,0.5,97307,117,97249,5323461,54.71
Div9,m,1970-1974,17,0.00157,0.00157,0.5,97190,153,97114,5226212,53.77
Div9,m,1970-1974,18,0.00193,0.00193,0.5,97038,187,96944,5129098,52.86
Div9,m,1970-1974,19,0.00218,0.00218,0.5,96850,211,96745,5032154,51.96
Div9,m,1970-1974,20,0.00214,0.00214,0.5,96639,206,96536,4935410,51.07
Div9,m,1970-1974,21,0.00221,0.00221,0.5,96433,213,96326,4838874,50.18
Div9,m,1970-1974,22,0.00219,0.00219,0.5,96220,211,96115,4742547,49.29
Div9,m,1970-1974,23,0.00208,0.00208,0.5,96009,200,95909,4646433,48.40
Div9,m,1970-1974,24,0.00194,0.00194,0.5,95809,186,95716,4550523,47.50
Div9,m,1970-1974,25,0.00198,0.00198,0.5,95623,190,95528,4454807,46.59
Div9,m,1970-1974,26,0.00187,0.00187,0.5,95434,178,95345,4359278,45.68
Div9,m,1970-1974,27,0.00181,0.00181,0.5,95255,173,95169,4263934,44.76
Div9,m,1970-1974,28,0.00189,0.00189,0.5,95083,179,94993,4168765,43.84
Div9,m,1970-1974,29,0.00197,0.00197,0.5,94904,187,94810,4073771,42.93
Div9,m,1970-1974,30,0.00191,0.00191,0.5,94717,181,94626,3978961,42.01
Div9,m,1970-1974,31,0.00189,0.00189,0.5,94536,179,94447,3884335,41.09
Div9,m,1970-1974,32,0.00205,0.00205,0.5,94357,193,94260,3789888,40.17
Div9,m,1970-1974,33,0.00195,0.00195,0.5,94164,184,94072,3695628,39.25
Div9,m,1970-1974,34,0.00208,0.00208,0.5,93980,195,93882,3601556,38.32
Div9,m,1970-1974,35,0.00216,0.00215,0.5,93785,202,93684,3507674,37.40
Div9,m,1970-1974,36,0.00236,0.00236,0.5,93583,221,93472,3413990,36.48
Div9,m,1970-1974,37,0.00261,0.00261,0.5,93362,244,93240,3320518,35.57
Div9,m,1970-1974,38,0.00275,0.00275,0.5,93119,256,92990,3227277,34.66
Div9,m,1970-1974,39,0.00316,0.00315,0.5,92862,293,92716,3134287,33.75
Div9,m,1970-1974,40,0.00337,0.00336,0.5,92570,311,92414,3041571,32.86
Div9,m,1970-1974,41,0.00346,0.00345,0.5,92258,318,92099,2949157,31.97
Div9,m,1970-1974,42,0.00399,0.00399,0.5,91940,366,91757,2857058,31.08
Div9,m,1970-1974,43,0.00437,0.00436,0.5,91573,399,91374,2765301,30.20
Div9,m,1970-1974,44,0.00466,0.00465,0.5,91174,424,90962,2673927,29.33
Div9,m,1970-1974,45,0.00528,0.00527,0.5,90750,478,90511,2582965,28.46
Div9,m,1970-1974,46,0.00574,0.00573,0.5,90272,517,90013,2492454,27.61
Div9,m,1970-1974,47,0.00621,0.00619,0.5,89755,556,89477,2402441,26.77
Div9,m,1970-1974,48,0.00710,0.00708,0.5,89199,631,88884,2312964,25.93
Div9,m,1970-1974,49,0.00748,0.00746,0.5,88568,660,88238,2224080,25.11
Div9,m,1970-1974,50,0.00829,0.00825,0.5,87908,725,87545,2135842,24.30
Div9,m,1970-1974,51,0.00904,0.00900,0.5,87182,785,86790,2048297,23.49
Div9,m,1970-1974,52,0.00952,0.00947,0.5,86397,819,85988,1961507,22.70
Div9,m,1970-1974,53,0.01067,0.01061,0.5,85579,908,85125,1875519,21.92
Div9,m,1970-1974,54,0.01195,0.01188,0.5,84670,1006,84168,1790395,21.15
Div9,m,1970-1974,55,0.01299,0.01291,0.5,83665,1080,83125,1706227,20.39
Div9,m,1970-1974,56,0.01447,0.01437,0.5,82585,1187,81992,1623102,19.65
Div9,m,1970-1974,57,0.01603,0.01590,0.5,81398,1294,80751,1541111,18.93
Div9,m,1970-1974,58,0.01695,0.01680,0.5,80104,1346,79431,1460360,18.23
Div9,m,1970-1974,59,0.01842,0.01825,0.5,78758,1438,78039,1380929,17.53
Div9,m,1970-1974,60,0.02073,0.02052,0.5,77320,1587,76527,1302889,16.85
Div9,m,1970-1974,61,0.02225,0.02200,0.5,75734,1666,74900,1226363,16.19
Div9,m,1970-1974,62,0.02455,0.02425,0.5,74067,1796,73169,1151462,15.55
Div9,m,1970-1974,63,0.02686,0.02650,0.5,72271,1915,71313,1078293,14.92
Div9,m,1970-1974,64,0.02864,0.02824,0.5,70355,1987,69362,1006980,14.31
Div9,m,1970-1974,65,0.03100,0.03053,0.5,68369,2087,67325,937618,13.71
Div9,m,1970-1974,66,0.03297,0.03243,0.5,66282,2150,65207,870293,13.13
Div9,m,1970-1974,67,0.03631,0.03566,0.5,64132,2287,62988,805086,12.55
Div9,m,1970-1974,68,0.03844,0.03771,0.5,61845,2332,60679,742097,12.00
Div9,m,1970-1974,69,0.04226,0.04138,0.5,59513,2463,58281,681419,11.45
Div9,m,1970-1974,70,0.04582,0.04479,0.5,57050,2555,55772,623137,10.92
Div9,m,1970-1974,71,0.04926,0.04808,0.5,54494,2620,53185,567365,10.41
Div9,m,1970-1974,72,0.05383,0.05242,0.5,51875,2719,50515,514181,9.91
Div9,m,1970-1974,73,0.05763,0.05602,0.5,49155,2754,47778,463666,9.43
Div9,m,1970-1974,74,0.06317,0.06123,0.5,46402,2841,44981,415887,8.96
Div9,m,1970-1974,75,0.07040,0.06801,0.5,43560,2963,42079,370906,8.51
Div9,m,1970-1974,76,0.07548,0.07273,0.5,40598,2953,39121,328827,8.10
Div9,m,1970-1974,77,0.08151,0.07832,0.5,37645,2948,36171,289706,7.70
Div9,m,1970-1974,78,0.08675,0.08314,0.5,34697,2885,33254,253535,7.31
Div9,m,1970-1974,79,0.09583,0.09145,0.5,31812,2909,30357,220281,6.92
Div9,m,1970-1974,80,0.10034,0.09555,0.5,28903,2762,27522,189923,6.57
Div9,m,1970-1974,81,0.10777,0.10226,0.5,26141,2673,24804,162402,6.21
Div9,m,1970-1974,82,0.11707,0.11060,0.5,23468,2596,22170,137597,5.86
Div9,m,1970-1974,83,0.12726,0.11964,0.5,20872,2497,19624,115427,5.53
Div9,m,1970-1974,84,0.13858,0.12960,0.5,18375,2381,17184,95803,5.21
Div9,m,1970-1974,85,0.15141,0.14075,0.5,15994,2251,14868,78619,4.92
Div9,m,1970-1974,86,0.16323,0.15091,0.5,13742,2074,12706,63751,4.64
Div9,m,1970-1974,87,0.17827,0.16368,0.5,11669,1910,10714,51045,4.37
Div9,m,1970-1974,88,0.18828,0.17208,0.5,9759,1679,8919,40332,4.13
Div9,m,1970-1974,89,0.20762,0.18810,0.5,8079,1520,7320,31413,3.89
Div9,m,1970-1974,90,0.22228,0.20004,0.5,6560,1312,5904,24093,3.67
Div9,m,1970-1974,91,0.23627,0.21131,0.5,5247,1109,4693,18190,3.47
Div9,m,1970-1974,92,0.26045,0.23044,0.5,4139,954,3662,13497,3.26
Div9,m,1970-1974,93,0.28167,0.24690,0.5,3185,786,2792,9835,3.09
Div9,m,1970-1974,94,0.29952,0.26051,0.5,2399,625,2086,7043,2.94
Div9,m,1970-1974,95,0.31455,0.27180,0.5,1774,482,1533,4957,2.79
Div9,m,1970-1974,96,0.33537,0.28721,0.5,1292,371,1106,3424,2.65
Div9,m,1970-1974,97,0.35686,0.30282,0.5,921,279,781,2318,2.52
Div9,m,1970-1974,98,0.37893,0.31858,0.5,642,204,540,1537,2.39
Div9,m,1970-1974,99,0.40153,0.33439,0.5,437,146,364,997,2.28
Div9,m,1970-1974,100,0.42454,0.35020,0.5,291,102,240,633,2.17
Div9,m,1970-1974,101,0.44789,0.36594,0.5,189,69,155,393,2.08
Div9,m,1970-1974,102,0.47147,0.38153,0.5,120,46,97,238,1.99
Div9,m,1970-1974,103,0.49518,0.39691,0.5,74,29,59,141,1.90
Div9,m,1970-1974,104,0.51891,0.41201,0.5,45,18,36,82,1.83
Div9,m,1970-1974,105,0.54256,0.42678,0.5,26,11,21,46,1.76
Div9,m,1970-1974,106,0.56602,0.44116,0.5,15,7,12,26,1.70
Div9,m,1970-1974,107,0.58918,0.45511,0.5,8,4,7,14,1.64
Div9,m,1970-1974,108,0.61196,0.46858,0.5,5,2,4,7,1.59
Div9,m,1970-1974,109,0.63425,0.48154,0.5,2,1,2,4,1.55
Div9,m,1970-1974,110+,0.65599,1.00000,1.52,1,1,2,2,1.52
Div9,m,1975-1979,0,0.01458,0.01439,0.08,100000,1439,98682,7058812,70.59
Div9,m,1975-1979,1,0.00113,0.00112,0.5,98561,111,98506,6960130,70.62
Div9,m,1975-1979,2,0.00081,0.00081,0.5,98450,80,98410,6861624,69.70
Div9,m,1975-1979,3,0.00064,0.00063,0.5,98370,62,98339,6763214,68.75
Div9,m,1975-1979,4,0.00051,0.00051,0.5,98308,51,98282,6664875,67.80
Div9,m,1975-1979,5,0.00044,0.00044,0.5,98257,43,98236,6566593,66.83
Div9,m,1975-1979,6,0.00043,0.00043,0.5,98214,42,98193,6468357,65.86
Div9,m,1975-1979,7,0.00035,0.00035,0.5,98172,35,98155,6370164,64.89
Div9,m,1975-1979,8,0.00032,0.00032,0.5,98138,31,98122,6272009,63.91
Div9,m,1975-1979,9,0.00030,0.00030,0.5,98107,30,98092,6173887,62.93
Div9,m,1975-1979,10,0.00029,0.00029,0.5,98077,29,98062,6075795,61.95
Div9,m,1975-1979,11,0.00030,0.00030,0.5,98048,30,98033,5977733,60.97
Div9,m,1975-1979,12,0.00034,0.00034,0.5,98018,34,98001,5879700,59.99
Div9,m,1975-1979,13,0.00043,0.00043,0.5,97984,42,97963,5781699,59.01
Div9,m,1975-1979,14,0.00053,0.00053,0.5,97943,52,97917,5683735,58.03
Div9,m,1975-1979,15,0.00074,0.00074,0.5,97891,73,97854,5585819,57.06
Div9,m,1975-1979,16,0.00112,0.00112,0.5,97818,109,97763,5487964,56.10
Div9,m,1975-1979,17,0.00145,0.00145,0.5,97708,141,97638,5390201,55.17
Div9,m,1975-1979,18,0.00181,0.00181,0.5,97567,176,97479,5292563,54.25
Div9,m,1975-1979,19,0.00208,0.00207,0.5,97391,202,97290,5195084,53.34
Div9,m,1975-1979,20,0.00205,0.00205,0.5,97189,199,97089,5097794,52.45
Div9,m,1975-1979,21,0.00213,0.00213,0.5,96990,207,96886,5000705,51.56
Div9,m,1975-1979,22,0.00214,0.00214,0.5,96783,207,96680,4903819,50.67
Div9,m,1975-1979,23,0.00206,0.00206,0.5,96576,199,96477,4807139,49.78
Div9,m,1975-1979,24,0.00205,0.00205,0.5,96377,197,96278,4710662,48.88
Div9,m,1975-1979,25,0.00202,0.00202,0.5,96180,194,96083,4614384,47.98
Div9,m,1975-1979,26,0.00198,0.00197,0.5,95986,189,95891,4518301,47.07
Div9,m,1975-1979,27,0.00198,0.00198,0.5,95796,189,95702,4422410,46.16
Div9,m,1975-1979,28,0.00199,0.00198,0.5,95607,190,95512,4326708,45.26
Div9,m,1975-1979,29,0.00187,0.00187,0.5,95417,178,95328,4231196,44.34
Div9,m,1975-1979,30,0.00182,0.00182,0.5,95239,173,95152,4135868,43.43
Div9,m,1975-1979,31,0.00180,0.00179,0.5,95066,171,94981,4040716,42.50
Div9,m,1975-1979,32,0.00187,0.00186,0.5,94895,177,94807,3945735,41.58
Div9,m,1975-1979,33,0.00184,0.00184,0.5,94718,174,94631,3850928,40.66
Div9,m,1975-1979,34,0.00198,0.00197,0.5,94544,187,94451,3756297,39.73
Div9,m,1975-1979,35,0.00205,0.00205,0.5,94358,193,94261,3661846,38.81
Div9,m,1975-1979,36,0.00225,0.00225,0.5,94164,212,94058,3567585,37.89
Div9,m,1975-1979,37,0.00230,0.00230,0.5,93953,216,93845,3473527,36.97
Div9,m,1975-1979,38,0.00243,0.00242,0.5,93737,227,93623,3379682,36.06
Div9,m,1975-1979,39,0.00257,0.00257,0.5,93509,240,93389,3286059,35.14
Div9,m,1975-1979,40,0.00283,0.00282,0.5,93269,263,93138,3192670,34.23
Div9,m,1975-1979,41,0.00306,0.00305,0.5,93006,284,92864,3099532,33.33
Div9,m,1975-1979,42,0.00349,0.00349,0.5,92722,323,92561,3006668,32.43
Div9,m,1975-1979,43,0.00375,0.00374,0.5,92399,346,92226,2914107,31.54
Div9,m,1975-1979,44,0.00393,0.00392,0.5,92053,361,91873,2821881,30.65
Div9,m,1975-1979,45,0.00445,0.00444,0.5,91692,407,91489,2730008,29.77
Div9,m,1975-1979,46,0.00492,0.00491,0.5,91285,448,91061,2638519,28.90
Div9,m,1975-1979,47,0.00546,0.00544,0.5,90837,494,90590,2547458,28.04
Div9,m,1975-1979,48,0.00592,0.00590,0.5,90343,533,90076,2456868,27.19
Div9,m,1975-1979,49,0.00655,0.00653,0.5,89810,587,89517,2366792,26.35
Div9,m,1975-1979,50,0.00726,0.00724,0.5,89223,646,88900,2277275,25.52
Div9,m,1975-1979,51,0.00797,0.00794,0.5,88577,703,88226,2188375,24.71
Div9,m,1975-1979,52,0.00860,0.00856,0.5,87874,752,87498,2100149,23.90
Div9,m,1975-1979,53,0.00949,0.00945,0.5,87122,823,86710,2012651,23.10
Div9,m,1975-1979,54,0.01025,0.01020,0.5,86299,880,85859,1925941,22.32
Div9,m,1975-1979,55,0.01132,0.01126,0.5,85419,962,84938,1840082,21.54
Div9,m,1975-1979,56,0.01196,0.01189,0.5,84457,1004,83955,1755145,20.78
Div9,m,1975-1979,57,0.01327,0.01319,0.5,83453,1100,82902,1671190,20.03
Div9,m,1975-1979,58,0.01469,0.01458,0.5,82352,1201,81752,1588288,19.29
Div9,m,1975-1979,59,0.01589,0.01576,0.5,81151,1279,80512,1506536,18.56
Div9,m,1975-1979,60,0.01754,0.01739,0.5,79872,1389,79178,1426024,17.85
Div9,m,1975-1979,61,0.01914,0.01896,0.5,78483,1488,77739,1346846,17.16
Div9,m,1975-1979,62,0.02083,0.02061,0.5,76995,1587,76202,1269107,16.48
Div9,m,1975-1979,63,0.02302,0.02276,0.5,75408,1716,74550,1192905,15.82
Div9,m,1975-1979,64,0.02521,0.02489,0.5,73692,1835,72775,1118355,15.18
Div9,m,1975-1979,65,0.02712,0.02675,0.5,71858,1922,70896,1045580,14.55
Div9,m,1975-1979,66,0.02874,0.02833,0.5,69935,1981,68945,974684,13.94
Div9,m,1975-1979,67,0.03183,0.03133,0.5,67954,2129,66890,905739,13.33
Div9,m,1975-1979,68,0.03423,0.03365,0.5,65825,2215,64718,838849,12.74
Div9,m,1975-1979,69,0.03735,0.03667,0.5,63610,2333,62444,774132,12.17
Div9,m,1975-1979,70,0.04033,0.03954,0.5,61278,2423,60066,711688,11.61
Div9,m,1975-1979,71,0.04415,0.04320,0.5,58855,2542,57584,651621,11.07
Div9,m,1975-1979,72,0.04823,0.04710,0.5,56313,2652,54987,594038,10.55
Div9,m,1975-1979,73,0.05222,0.05089,0.5,53661,2731,52295,539051,10.05
Div9,m,1975-1979,74,0.05569,0.05418,0.5,50930,2760,49550,486756,9.56
Div9,m,1975-1979,75,0.06129,0.05947,0.5,48170,2865,46738,437206,9.08
Div9,m,1975-1979,76,0.06598,0.06388,0.5,45305,2894,43858,390469,8.62
Div9,m,1975-1979,77,0.07192,0.06943,0.5,42411,2944,40939,346610,8.17
Div9,m,1975-1979,78,0.07799,0.07506,0.5,39467,2962,37986,305671,7.75
Div9,m,1975-1979,79,0.08407,0.08068,0.5,36504,2945,35032,267686,7.33
Div9,m,1975-1979,80,0.09097,0.08702,0.5,33559,2920,32099,232654,6.93
Div9,m,1975-1979,81,0.09850,0.09388,0.5,30639,2876,29201,200555,6.55
Div9,m,1975-1979,82,0.10793,0.10240,0.5,27763,2843,26341,171354,6.17
Div9,m,1975-1979,83,0.11934,0.11262,0.5,24920,2806,23517,145013,5.82
Div9,m,1975-1979,84,0.12833,0.12059,0.5,22113,2667,20780,121496,5.49
Div9,m,1975-1979,85,0.13822,0.12928,0.5,19447,2514,18190,100716,5.18
Div9,m,1975-1979,86,0.15451,0.14343,0.5,16933,2429,15718,82527,4.87
Div9,m,1975-1979,87,0.16246,0.15026,0.5,14504,2179,13414,66809,4.61
Div9,m,1975-1979,88,0.17794,0.16340,0.5,12325,2014,11318,53394,4.33
Div9,m,1975-1979,89,0.19324,0.17622,0.5,10311,1817,9402,42077,4.08
Div9,m,1975-1979,90,0.20741,0.18792,0.5,8494,1596,7696,32674,3.85
Div9,m,1975-1979,91,0.22493,0.20219,0.5,6898,1395,6200,24979,3.62
Div9,m,1975-1979,92,0.24876,0.22124,0.5,5503,1217,4894,18779,3.41
Div9,m,1975-1979,93,0.25775,0.22832,0.5,4285,978,3796,13884,3.24
Div9,m,1975-1979,94,0.28755,0.25141,0.5,3307,831,2891,10088,3.05
Div9,m,1975-1979,95,0.29901,0.26012,0.5,2476,644,2154,7197,2.91
Div9,m,1975-1979,96,0.31965,0.27560,0.5,1832,505,1579,5043,2.75
Div9,m,1975-1979,97,0.34102,0.29135,0.5,1327,387,1134,3464,2.61
Div9,m,1975-1979,98,0.36306,0.30728,0.5,940,289,796,2330,2.48
Div9,m,1975-1979,99,0.38569,0.32334,0.5,651,211,546,1535,2.36
Div9,m,1975-1979,100,0.40882,0.33944,0.5,441,150,366,988,2.24
Div9,m,1975-1979,101,0.43237,0.35551,0.5,291,104,239,623,2.14
Div9,m,1975-1979,102,0.45622,0.37148,0.5,188,70,153,383,2.04
Div9,m,1975-1979,103,0.48028,0.38728,0.5,118,46,95,230,1.95
Div9,m,1975-1979,104,0.50443,0.40283,0.5,72,29,58,135,1.87
Div9,m,1975-1979,105,0.52855,0.41807,0.5,43,18,34,78,1.80
Div9,m,1975-1979,106,0.55255,0.43294,0.5,25,11,20,43,1.73
Div9,m,1975-1979,107,0.57630,0.44739,0.5,14,6,11,24,1.67
Div9,m,1975-1979,108,0.59971,0.46137,0.5,8,4,6,13,1.62
Div9,m,1975-1979,109,0.62267,0.47483,0.5,4,2,3,7,1.58
Div9,m,1975-1979,110+,0.64509,1.00000,1.55,2,2,3,3,1.55
Div9,m,1980-1984,0,0.01148,0.01136,0.08,100000,1136,98950,7178442,71.78
Div9,m,1980-1984,1,0.00095,0.00095,0.5,98864,94,98817,7079492,71.61
Div9,m,1980-1984,2,0.00069,0.00069,0.5,98770,68,98736,6980675,70.68
Div9,m,1980-1984,3,0.00052,0.00052,0.5,98702,51,98676,6881939,69.72
Div9,m,1980-1984,4,0.00042,0.00042,0.5,98651,42,98630,6783263,68.76
Div9,m,1980-1984,5,0.00038,0.00038,0.5,98609,37,98591,6684633,67.79
Div9,m,1980-1984,6,0.00036,0.00036,0.5,98572,35,98554,6586042,66.81
Div9,m,1980-1984,7,0.00032,0.00032,0.5,98537,31,98521,6487488,65.84
Div9,m,1980-1984,8,0.00033,0.00033,0.5,98505,32,98489,6388967,64.86
Div9,m,1980-1984,9,0.00028,0.00028,0.5,98473,28,98459,6290478,63.88
Div9,m,1980-1984,10,0.00025,0.00025,0.5,98445,25,98433,6192019,62.90
Div9,m,1980-1984,11,0.00029,0.00029,0.5,98420,28,98406,6093586,61.91
Div9,m,1980-1984,12,0.00032,0.00032,0.5,98392,32,98376,5995180,60.93
Div9,m,1980-1984,13,0.00036,0.00036,0.5,98360,35,98342,5896804,59.95
Div9,m,1980-1984,14,0.00049,0.00049,0.5,98325,48,98301,5798461,58.97
Div9,m,1980-1984,15,0.00064,0.00064,0.5,98277,62,98246,5700160,58.00
Div9,m,1980-1984,16,0.00101,0.00100,0.5,98214,99,98165,5601915,57.04
Div9,m,1980-1984,17,0.00126,0.00126,0.5,98116,124,98054,5503750,56.09
Div9,m,1980-1984,18,0.00165,0.00165,0.5,97992,162,97911,5405696,55.16
Div9,m,1980-1984,19,0.00172,0.00171,0.5,97830,168,97746,5307785,54.26
Div9,m,1980-1984,20,0.00170,0.00170,0.5,97662,166,97579,5210039,53.35
Div9,m,1980-1984,21,0.00188,0.00188,0.5,97496,183,97404,5112460,52.44
Div9,m,1980-1984,22,0.00181,0.00181,0.5,97313,176,97225,5015055,51.54
Div9,m,1980-1984,23,0.00179,0.00179,0.5,97137,174,97050,4917831,50.63
Div9,m,1980-1984,24,0.00175,0.00174,0.5,96963,169,96879,4820781,49.72
Div9,m,1980-1984,25,0.00177,0.00177,0.5,96794,171,96708,4723902,48.80
Div9,m,1980-1984,26,0.00175,0.00175,0.5,96623,169,96538,4627194,47.89
Div9,m,1980-1984,27,0.00174,0.00174,0.5,96454,168,96370,4530655,46.97
Div9,m,1980-1984,28,0.00174,0.00174,0.5,96286,168,96202,4434285,46.05
Div9,m,1980-1984,29,0.00170,0.00170,0.5,96119,163,96037,4338083,45.13
Div9,m,1980-1984,30,0.00177,0.00177,0.5,95955,170,95870,4242046,44.21
Div9,m,1980-1984,31,0.00185,0.00185,0.5,95785,177,95697,4146176,43.29
Div9,m,1980-1984,32,0.00191,0.00191,0.5,95608,183,95517,4050479,42.37
Div9,m,1980-1984,33,0.00188,0.00188,0.5,95425,180,95336,3954962,41.45
Div9,m,1980-1984,34,0.00183,0.00183,0.5,95246,174,95159,3859627,40.52
Div9,m,1980-1984,35,0.00188,0.00187,0.5,95071,178,94982,3764468,39.60
Div9,m,1980-1984,36,0.00208,0.00207,0.5,94893,197,94795,3669486,38.67
Div9,m,1980-1984,37,0.00220,0.00220,0.5,94697,208,94593,3574691,37.75
Div9,m,1980-1984,38,0.00242,0.00241,0.5,94488,228,94374,3480098,36.83
Div9,m,1980-1984,39,0.00232,0.00232,0.5,94260,219,94151,3385724,35.92
Div9,m,1980-1984,40,0.00262,0.00262,0.5,94041,246,93918,3291573,35.00
Div9,m,1980-1984,41,0.00297,0.00297,0.5,93795,278,93656,3197654,34.09
Div9,m,1980-1984,42,0.00308,0.00308,0.5,93517,288,93373,3103998,33.19
Div9,m,1980-1984,43,0.00325,0.00325,0.5,93230,303,93078,3010625,32.29
Div9,m,1980-1984,44,0.00350,0.00350,0.5,92927,325,92764,2917546,31.40
Div9,m,1980-1984,45,0.00394,0.00393,0.5,92602,364,92420,2824782,30.50
Div9,m,1980-1984,46,0.00433,0.00433,0.5,92238,399,92038,2732362,29.62
Div9,m,1980-1984,47,0.00474,0.00472,0.5,91839,434,91622,2640324,28.75
Div9,m,1980-1984,48,0.00551,0.00549,0.5,91405,502,91154,2548702,27.88
Div9,m,1980-1984,49,0.00570,0.00568,0.5,90903,516,90645,2457548,27.03
Div9,m,1980-1984,50,0.00640,0.00638,0.5,90387,576,90098,2366904,26.19
Div9,m,1980-1984,51,0.00716,0.00714,0.5,89810,641,89490,2276805,25.35
Div9,m,1980-1984,52,0.00794,0.00791,0.5,89169,705,88816,2187316,24.53
Div9,m,1980-1984,53,0.00846,0.00842,0.5,88464,745,88091,2098499,23.72
Div9,m,1980-1984,54,0.00927,0.00923,0.5,87719,810,87314,2010408,22.92
Div9,m,1980-1984,55,0.01035,0.01029,0.5,86909,894,86462,1923094,22.13
Div9,m,1980-1984,56,0.01159,0.01153,0.5,86015,991,85519,1836632,21.35
Div9,m,1980-1984,57,0.01219,0.01211,0.5,85023,1030,84508,1751113,20.60
Div9,m,1980-1984,58,0.01339,0.01330,0.5,83993,1117,83435,1666605,19.84
Div9,m,1980-1984,59,0.01450,0.01440,0.5,82876,1193,82280,1583170,19.10
Div9,m,1980-1984,60,0.01562,0.01550,0.5,81683,1266,81050,1500891,18.37
Div9,m,1980-1984,61,0.01720,0.01706,0.5,80417,1372,79731,1419841,17.66
Div9,m,1980-1984,62,0.01941,0.01922,0.5,79045,1520,78285,1340110,16.95
Div9,m,1980-1984,63,0.02075,0.02053,0.5,77526,1592,76730,1261824,16.28
Div9,m,1980-1984,64,0.02217,0.02193,0.5,75934,1665,75101,1185095,15.61
Div9,m,1980-1984,65,0.02416,0.02387,0.5,74269,1773,73382,1109993,14.95
Div9,m,1980-1984,66,0.02661,0.02626,0.5,72496,1903,71544,1036611,14.30
Div9,m,1980-1984,67,0.02911,0.02869,0.5,70592,2025,69580,965067,13.67
Div9,m,1980-1984,68,0.03178,0.03128,0.5,68567,2145,67495,895487,13.06
Div9,m,1980-1984,69,0.03509,0.03449,0.5,66422,2291,65277,827992,12.47
Div9,m,1980-1984,70,0.03809,0.03737,0.5,64132,2397,62933,762715,11.89
Div9,m,1980-1984,71,0.04109,0.04026,0.5,61735,2486,60492,699782,11.34
Div9,m,1980-1984,72,0.04457,0.04360,0.5,59249,2583,57957,639290,10.79
Div9,m,1980-1984,73,0.04884,0.04767,0.5,56666,2701,55315,581333,10.26
Div9,m,1980-1984,74,0.05278,0.05142,0.5,53965,2775,52577,526018,9.75
Div9,m,1980-1984,75,0.05705,0.05547,0.5,51190,2839,49770,473441,9.25
Div9,m,1980-1984,76,0.06303,0.06111,0.5,48350,2954,46873,423671,8.76
Div9,m,1980-1984,77,0.06821,0.06596,0.5,45396,2994,43899,376798,8.30
Div9,m,1980-1984,78,0.07416,0.07151,0.5,42402,3032,40886,332899,7.85
Div9,m,1980-1984,79,0.08068,0.07755,0.5,39370,3053,37843,292013,7.42
Div9,m,1980-1984,80,0.09040,0.08649,0.5,36316,3141,34746,254170,7.00
Div9,m,1980-1984,81,0.09665,0.09219,0.5,33175,3058,31646,219424,6.61
Div9,m,1980-1984,82,0.10645,0.10107,0.5,30117,3044,28595,187778,6.23
Div9,m,1980-1984,83,0.11429,0.10812,0.5,27073,2927,25609,159183,5.88
Div9,m,1980-1984,84,0.12704,0.11946,0.5,24146,2884,22704,133574,5.53
Div9,m,1980-1984,85,0.13763,0.12877,0.5,21262,2738,19893,110870,5.21
Div9,m,1980-1984,86,0.15052,0.13999,0.5,18524,2593,17227,90978,4.91
Div9,m,1980-1984,87,0.16422,0.15176,0.5,15931,2418,14722,73750,4.63
Div9,m,1980-1984,88,0.17467,0.16064,0.5,13513,2171,12428,59028,4.37
Div9,m,1980-1984,89,0.19012,0.17362,0.5,11342,1969,10358,46601,4.11
Div9,m,1980-1984,90,0.20270,0.18404,0.5,9373,1725,8511,36243,3.87
Div9,m,1980-1984,91,0.22669,0.20362,0.5,7648,1557,6869,27732,3.63
Div9,m,1980-1984,92,0.24213,0.21598,0.5,6091,1316,5433,20863,3.43
Div9,m,1980-1984,93,0.26127,0.23108,0.5,4775,1103,4224,15430,3.23
Div9,m,1980-1984,94,0.28202,0.24717,0.5,3672,908,3218,11206,3.05
Div9,m,1980-1984,95,0.30035,0.26114,0.5,2764,722,2403,7988,2.89
Div9,m,1980-1984,96,0.32150,0.27698,0.5,2042,566,1760,5585,2.73
Div9,m,1980-1984,97,0.34341,0.29308,0.5,1477,433,1260,3826,2.59
Div9,m,1980-1984,98,0.36600,0.30938,0.5,1044,323,882,2565,2.46
Div9,m,1980-1984,99,0.38920,0.32580,0.5,721,235,604,1683,2.33
Div9,m,1980-1984,100,0.41291,0.34225,0.5,486,166,403,1079,2.22
Div9,m,1980-1984,101,0.43703,0.35866,0.5,320,115,262,676,2.12
Div9,m,1980-1984,102,0.46145,0.37494,0.5,205,77,167,414,2.02
Div9,m,1980-1984,103,0.48606,0.39103,0.5,128,50,103,248,1.93
Div9,m,1980-1984,104,0.51074,0.40685,0.5,78,32,62,144,1.85
Div9,m,1980-1984,105,0.53537,0.42232,0.5,46,20,37,82,1.78
Div9,m,1980-1984,106,0.55982,0.43739,0.5,27,12,21,46,1.71
Div9,m,1980-1984,107,0.58399,0.45201,0.5,15,7,12,25,1.65
Div9,m,1980-1984,108,0.60776,0.46612,0.5,8,4,6,13,1.60
Div9,m,1980-1984,109,0.63103,0.47968,0.5,4,2,3,7,1.56
Div9,m,1980-1984,110+,0.65371,1.00000,1.53,2,2,4,4,1.53
Div9,m,1985-1989,0,0.01060,0.01050,0.07,100000,1050,99027,7224970,72.25
Div9,m,1985-1989,1,0.00087,0.00087,0.5,98950,86,98907,7125942,72.02
Div9,m,1985-1989,2,0.00057,0.00057,0.5,98864,56,98836,7027035,71.08
Div9,m,1985-1989,3,0.00047,0.00047,0.5,98808,46,98785,6928199,70.12
Div9,m,1985-1989,4,0.00033,0.00033,0.5,98762,33,98745,6829415,69.15
Div9,m,1985-1989,5,0.00027,0.00027,0.5,98729,27,98716,6730669,68.17
Div9,m,1985-1989,6,0.00028,0.00028,0.5,98702,27,98689,6631953,67.19
Div9,m,1985-1989,7,0.00028,0.00028,0.5,98675,27,98661,6533265,66.21
Div9,m,1985-1989,8,0.00026,0.00026,0.5,98648,26,98635,6434604,65.23
Div9,m,1985-1989,9,0.00027,0.00027,0.5,98622,27,98609,6335969,64.24
Div9,m,1985-1989,10,0.00024,0.00024,0.5,98595,23,98584,6237360,63.26
Div9,m,1985-1989,11,0.00026,0.00026,0.5,98572,26,98559,6138777,62.28
Div9,m,1985-1989,12,0.00029,0.00029,0.5,98546,29,98532,6040217,61.29
Div9,m,1985-1989,13,0.00037,0.00037,0.5,98517,36,98499,5941686,60.31
Div9,m,1985-1989,14,0.00048,0.00048,0.5,98481,47,98458,5843187,59.33
Div9,m,1985-1989,15,0.00067,0.00067,0.5,98434,66,98401,5744729,58.36
Div9,m,1985-1989,16,0.00097,0.00097,0.5,98368,96,98320,5646328,57.40
Div9,m,1985-1989,17,0.00122,0.00122,0.5,98272,120,98212,5548008,56.46
Div9,m,1985-1989,18,0.00166,0.00166,0.5,98152,163,98071,5449795,55.52
Div9,m,1985-1989,19,0.00164,0.00164,0.5,97989,161,97909,5351725,54.62
Div9,m,1985-1989,20,0.00160,0.00160,0.5,97828,157,97750,5253816,53.70
Div9,m,1985-1989,21,0.00168,0.00168,0.5,97671,164,97589,5156066,52.79
Div9,m,1985-1989,22,0.00170,0.00170,0.5,97508,166,97425,5058477,51.88
Div9,m,1985-1989,23,0.00170,0.00170,0.5,97342,165,97259,4961052,50.97
Div9,m,1985-1989,24,0.00165,0.00165,0.5,97177,160,97097,4863793,50.05
Div9,m,1985-1989,25,0.00169,0.00169,0.5,97016,164,96935,4766696,49.13
Div9,m,1985-1989,26,0.00174,0.00174,0.5,96853,169,96768,4669761,48.22
Div9,m,1985-1989,27,0.00177,0.00176,0.5,96684,171,96599,4572993,47.30
Div9,m,1985-1989,28,0.00186,0.00186,0.5,96514,180,96424,4476394,46.38
Div9,m,1985-1989,29,0.00176,0.00176,0.5,96334,170,96249,4379970,45.47
Div9,m,1985-1989,30,0.00196,0.00196,0.5,96164,189,96070,4283721,44.55
Div9,m,1985-1989,31,0.00201,0.00200,0.5,95975,192,95879,4187652,43.63
Div9,m,1985-1989,32,0.00222,0.00222,0.5,95783,213,95677,4091772,42.72
Div9,m,1985-1989,33,0.00230,0.00229,0.5,95570,219,95461,3996096,41.81
Div9,m,1985-1989,34,0.00227,0.00226,0.5,95351,216,95243,3900635,40.91
Div9,m,1985-1989,35,0.00246,0.00245,0.5,95135,233,95019,3805392,40.00
Div9,m,1985-1989,36,0.00263,0.00263,0.5,94902,249,94777,3710373,39.10
Div9,m,1985-1989,37,0.00270,0.00270,0.5,94653,255,94525,3615596,38.20
Div9,m,1985-1989,38,0.00291,0.00290,0.5,94397,274,94260,3521071,37.30
Div9,m,1985-1989,39,0.00261,0.00260,0.5,94123,245,94001,3426811,36.41
Div9,m,1985-1989,40,0.00287,0.00286,0.5,93878,269,93744,3332810,35.50
Div9,m,1985-1989,41,0.00312,0.00311,0.5,93610,291,93464,3239066,34.60
Div9,m,1985-1989,42,0.00337,0.00336,0.5,93318,314,93161,3145602,33.71
Div9,m,1985-1989,43,0.00346,0.00345,0.5,93004,321,92844,3052441,32.82
Div9,m,1985-1989,44,0.00362,0.00362,0.5,92683,335,92516,2959597,31.93
Div9,m,1985-1989,45,0.00392,0.00391,0.5,92348,362,92167,2867082,31.05
Div9,m,1985-1989,46,0.00443,0.00442,0.5,91986,406,91783,2774915,30.17
Div9,m,1985-1989,47,0.00460,0.00459,0.5,91580,420,91370,2683131,29.30
Div9,m,1985-1989,48,0.00525,0.00523,0.5,91160,477,90922,2591761,28.43
Div9,m,1985-1989,49,0.00505,0.00503,0.5,90683,456,90455,2500840,27.58
Div9,m,1985-1989,50,0.00584,0.00582,0.5,90227,525,89964,2410385,26.71
Div9,m,1985-1989,51,0.00671,0.00669,0.5,89702,600,89402,2320421,25.87
Div9,m,1985-1989,52,0.00718,0.00715,0.5,89102,637,88783,2231019,25.04
Div9,m,1985-1989,53,0.00810,0.00807,0.5,88464,714,88108,2142236,24.22
Div9,m,1985-1989,54,0.00849,0.00846,0.5,87751,742,87380,2054129,23.41
Div9,m,1985-1989,55,0.00969,0.00964,0.5,87009,839,86589,1966749,22.60
Div9,m,1985-1989,56,0.01056,0.01050,0.5,86170,905,85717,1880160,21.82
Div9,m,1985-1989,57,0.01120,0.01114,0.5,85264,950,84790,1794443,21.05
Div9,m,1985-1989,58,0.01314,0.01306,0.5,84315,1101,83764,1709653,20.28
Div9,m,1985-1989,59,0.01348,0.01339,0.5,83214,1114,82657,1625889,19.54
Div9,m,1985-1989,60,0.01528,0.01516,0.5,82099,1245,81477,1543232,18.80
Div9,m,1985-1989,61,0.01657,0.01643,0.5,80855,1328,80191,1461755,18.08
Div9,m,1985-1989,62,0.01850,0.01833,0.5,79526,1457,78798,1381565,17.37
Div9,m,1985-1989,63,0.01959,0.01940,0.5,78069,1515,77312,1302767,16.69
Div9,m,1985-1989,64,0.02082,0.02061,0.5,76554,1578,75765,1225455,16.01
Div9,m,1985-1989,65,0.02246,0.02221,0.5,74977,1665,74144,1149690,15.33
Div9,m,1985-1989,66,0.02429,0.02400,0.5,73311,1759,72432,1075546,14.67
Div9,m,1985-1989,67,0.02639,0.02605,0.5,71552,1864,70620,1003114,14.02
Div9,m,1985-1989,68,0.02936,0.02894,0.5,69688,2016,68680,932494,13.38
Div9,m,1985-1989,69,0.03149,0.03101,0.5,67672,2098,66623,863814,12.76
Div9,m,1985-1989,70,0.03449,0.03391,0.5,65574,2224,64462,797191,12.16
Div9,m,1985-1989,71,0.03833,0.03760,0.5,63350,2382,62159,732730,11.57
Div9,m,1985-1989,72,0.04305,0.04214,0.5,60968,2569,59683,670571,11.00
Div9,m,1985-1989,73,0.04663,0.04557,0.5,58398,2661,57068,610888,10.46
Div9,m,1985-1989,74,0.04983,0.04862,0.5,55737,2710,54382,553820,9.94
Div9,m,1985-1989,75,0.05410,0.05268,0.5,53028,2793,51631,499437,9.42
Div9,m,1985-1989,76,0.05946,0.05775,0.5,50234,2901,48784,447806,8.91
Div9,m,1985-1989,77,0.06420,0.06221,0.5,47333,2944,45861,399023,8.43
Div9,m,1985-1989,78,0.07099,0.06855,0.5,44389,3043,42867,353161,7.96
Div9,m,1985-1989,79,0.07747,0.07458,0.5,41346,3083,39804,310294,7.50
Div9,m,1985-1989,80,0.08676,0.08315,0.5,38262,3182,36672,270490,7.07
Div9,m,1985-1989,81,0.09614,0.09173,0.5,35081,3218,33472,233818,6.67
Div9,m,1985-1989,82,0.10557,0.10028,0.5,31863,3195,30265,200347,6.29
Div9,m,1985-1989,83,0.11178,0.10586,0.5,28667,3035,27150,170081,5.93
Div9,m,1985-1989,84,0.12257,0.11549,0.5,25633,2960,24153,142931,5.58
Div9,m,1985-1989,85,0.13521,0.12664,0.5,22672,2871,21237,118779,5.24
Div9,m,1985-1989,86,0.14623,0.13626,0.5,19801,2698,18452,97542,4.93
Div9,m,1985-1989,87,0.15859,0.14694,0.5,17103,2513,15846,79090,4.62
Div9,m,1985-1989,88,0.17309,0.15931,0.5,14590,2324,13428,63244,4.33
Div9,m,1985-1989,89,0.18939,0.17301,0.5,12266,2122,11205,49816,4.06
Div9,m,1985-1989,90,0.21068,0.19060,0.5,10144,1933,9177,38611,3.81
Div9,m,1985-1989,91,0.22848,0.20505,0.5,8210,1684,7368,29435,3.59
Div9,m,1985-1989,92,0.24548,0.21864,0.5,6527,1427,5813,22066,3.38
Div9,m,1985-1989,93,0.26513,0.23410,0.5,5100,1194,4503,16253,3.19
Div9,m,1985-1989,94,0.28781,0.25160,0.5,3906,983,3414,11750,3.01
Div9,m,1985-1989,95,0.30398,0.26387,0.5,2923,771,2537,8336,2.85
Div9,m,1985-1989,96,0.32601,0.28032,0.5,2152,603,1850,5798,2.69
Div9,m,1985-1989,97,0.34884,0.29703,0.5,1549,460,1319,3948,2.55
Div9,m,1985-1989,98,0.37239,0.31394,0.5,1089,342,918,2629,2.42
Div9,m,1985-1989,99,0.39656,0.33094,0.5,747,247,623,1712,2.29
Div9,m,1985-1989,100,0.42124,0.34795,0.5,500,174,413,1088,2.18
Div9,m,1985-1989,101,0.44632,0.36489,0.5,326,119,266,676,2.07
Div9,m,1985-1989,102,0.47168,0.38167,0.5,207,79,167,409,1.98
Div9,m,1985-1989,103,0.49719,0.39820,0.5,128,51,102,242,1.89
Div9,m,1985-1989,104,0.52271,0.41441,0.5,77,32,61,139,1.81
Div9,m,1985-1989,105,0.54812,0.43021,0.5,45,19,35,78,1.74
Div9,m,1985-1989,106,0.57327,0.44556,0.5,26,11,20,43,1.67
Div9,m,1985-1989,107,0.59805,0.46039,0.5,14,7,11,23,1.61
Div9,m,1985-1989,108,0.62234,0.47465,0.5,8,4,6,12,1.56
Div9,m,1985-1989,109,0.64604,0.48830,0.5,4,2,3,6,1.52
Div9,m,1985-1989,110+,0.66903,1.00000,1.49,2,2,3,3,1.49
Div9,m,1990-1994,0,0.00835,0.00829,0.07,100000,829,99227,7316217,73.16
Div9,m,1990-1994,1,0.00068,0.00068,0.5,99171,67,99138,7216990,72.77
Div9,m,1990-1994,2,0.00046,0.00046,0.5,99104,45,99081,7117853,71.82
Div9,m,1990-1994,3,0.00036,0.00036,0.5,99059,36,99041,7018771,70.85
Div9,m,1990-1994,4,0.00029,0.00029,0.5,99023,28,99009,6919730,69.88
Div9,m,1990-1994,5,0.00026,0.00026,0.5,98995,26,98982,6820721,68.90
Div9,m,1990-1994,6,0.00022,0.00022,0.5,98969,21,98958,6721740,67.92
Div9,m,1990-1994,7,0.00020,0.00020,0.5,98948,19,98938,6622781,66.93
Div9,m,1990-1994,8,0.00022,0.00022,0.5,98928,21,98917,6523843,65.95
Div9,m,1990-1994,9,0.00021,0.00021,0.5,98907,20,98897,6424926,64.96
Div9,m,1990-1994,10,0.00021,0.00021,0.5,98886,20,98876,6326029,63.97
Div9,m,1990-1994,11,0.00020,0.00020,0.5,98866,20,98856,6227153,62.99
Div9,m,1990-1994,12,0.00025,0.00025,0.5,98846,24,98834,6128297,62.00
Div9,m,1990-1994,13,0.00037,0.00037,0.5,98822,36,98804,6029463,61.01
Div9,m,1990-1994,14,0.00049,0.00049,0.5,98786,48,98762,5930659,60.04
Div9,m,1990-1994,15,0.00069,0.00069,0.5,98738,68,98703,5831898,59.06
Div9,m,1990-1994,16,0.00107,0.00107,0.5,98669,105,98616,5733194,58.11
Div9,m,1990-1994,17,0.00132,0.00132,0.5,98564,130,98499,5634578,57.17
Div9,m,1990-1994,18,0.00166,0.00166,0.5,98434,164,98352,5536079,56.24
Div9,m,1990-1994,19,0.00166,0.00166,0.5,98270,163,98189,5437727,55.33
Div9,m,1990-1994,20,0.00164,0.00164,0.5,98107,161,98027,5339538,54.43
Div9,m,1990-1994,21,0.00170,0.00170,0.5,97946,166,97863,5241512,53.51
Div9,m,1990-1994,22,0.00174,0.00174,0.5,97780,170,97695,5143649,52.60
Div9,m,1990-1994,23,0.00164,0.00164,0.5,97610,160,97529,5045954,51.70
Div9,m,1990-1994,24,0.00157,0.00157,0.5,97449,153,97373,4948425,50.78
Div9,m,1990-1994,25,0.00160,0.00159,0.5,97296,155,97219,4851052,49.86
Div9,m,1990-1994,26,0.00165,0.00165,0.5,97141,160,97061,4753833,48.94
Div9,m,1990-1994,27,0.00170,0.00170,0.5,96981,165,96898,4656772,48.02
Div9,m,1990-1994,28,0.00184,0.00184,0.5,96816,178,96726,4559874,47.10
Div9,m,1990-1994,29,0.00179,0.00179,0.5,96637,173,96551,4463147,46.18
Div9,m,1990-1994,30,0.00195,0.00195,0.5,96464,188,96370,4366597,45.27
Div9,m,1990-1994,31,0.00210,0.00210,0.5,96277,202,96176,4270226,44.35
Div9,m,1990-1994,32,0.00230,0.00230,0.5,96075,221,95964,4174050,43.45
Div9,m,1990-1994,33,0.00242,0.00242,0.5,95854,232,95738,4078086,42.54
Div9,m,1990-1994,34,0.00248,0.00248,0.5,95622,237,95503,3982348,41.65
Div9,m,1990-1994,35,0.00257,0.00257,0.5,95385,245,95262,3886845,40.75
Div9,m,1990-1994,36,0.00279,0.00278,0.5,95140,265,95007,3791583,39.85
Div9,m,1990-1994,37,0.00291,0.00291,0.5,94875,276,94737,3696576,38.96
Div9,m,1990-1994,38,0.00321,0.00321,0.5,94599,303,94447,3601839,38.07
Div9,m,1990-1994,39,0.00307,0.00307,0.5,94296,289,94151,3507392,37.20
Div9,m,1990-1994,40,0.00328,0.00327,0.5,94006,308,93853,3413241,36.31
Div9,m,1990-1994,41,0.00363,0.00362,0.5,93699,339,93529,3319388,35.43
Div9,m,1990-1994,42,0.00370,0.00369,0.5,93360,345,93188,3225859,34.55
Div9,m,1990-1994,43,0.00385,0.00385,0.5,93015,358,92836,3132671,33.68
Div9,m,1990-1994,44,0.00389,0.00388,0.5,92658,360,92478,3039835,32.81
Div9,m,1990-1994,45,0.00408,0.00407,0.5,92298,375,92110,2947357,31.93
Div9,m,1990-1994,46,0.00441,0.00440,0.5,91922,405,91720,2855247,31.06
Div9,m,1990-1994,47,0.00466,0.00465,0.5,91518,425,91305,2763527,30.20
Div9,m,1990-1994,48,0.00505,0.00504,0.5,91092,459,90863,2672222,29.34
Div9,m,1990-1994,49,0.00502,0.00501,0.5,90633,454,90406,2581359,28.48
Div9,m,1990-1994,50,0.00570,0.00569,0.5,90179,513,89923,2490952,27.62
Div9,m,1990-1994,51,0.00609,0.00607,0.5,89666,544,89394,2401030,26.78
Div9,m,1990-1994,52,0.00669,0.00666,0.5,89122,594,88825,2311635,25.94
Div9,m,1990-1994,53,0.00717,0.00715,0.5,88528,633,88212,2222810,25.11
Div9,m,1990-1994,54,0.00761,0.00758,0.5,87896,666,87563,2134598,24.29
Div9,m,1990-1994,55,0.00868,0.00864,0.5,87230,754,86853,2047035,23.47
Div9,m,1990-1994,56,0.00921,0.00917,0.5,86476,793,86079,1960182,22.67
Div9,m,1990-1994,57,0.01000,0.00995,0.5,85683,852,85257,1874103,21.87
Div9,m,1990-1994,58,0.01169,0.01163,0.5,84830,986,84337,1788847,21.09
Div9,m,1990-1994,59,0.01179,0.01172,0.5,83844,983,83353,1704510,20.33
Div9,m,1990-1994,60,0.01362,0.01353,0.5,82862,1121,82301,1621157,19.56
Div9,m,1990-1994,61,0.01500,0.01489,0.5,81741,1217,81132,1538856,18.83
Div9,m,1990-1994,62,0.01631,0.01617,0.5,80524,1302,79872,1457723,18.10
Div9,m,1990-1994,63,0.01765,0.01750,0.5,79221,1386,78528,1377851,17.39
Div9,m,1990-1994,64,0.01919,0.01901,0.5,77835,1479,77095,1299323,16.69
Div9,m,1990-1994,65,0.02094,0.02072,0.5,76356,1582,75565,1222228,16.01
Div9,m,1990-1994,66,0.02241,0.02216,0.5,74774,1657,73945,1146663,15.34
Div9,m,1990-1994,67,0.02453,0.02423,0.5,73116,1772,72230,1072718,14.67
Div9,m,1990-1994,68,0.02708,0.02672,0.5,71345,1906,70392,1000488,14.02
Div9,m,1990-1994,69,0.02869,0.02828,0.5,69439,1964,68457,930096,13.39
Div9,m,1990-1994,70,0.03193,0.03143,0.5,67475,2121,66414,861639,12.77
Div9,m,1990-1994,71,0.03402,0.03345,0.5,65354,2186,64261,795225,12.17
Div9,m,1990-1994,72,0.03736,0.03668,0.5,63168,2317,62009,730964,11.57
Div9,m,1990-1994,73,0.04153,0.04068,0.5,60851,2476,59613,668955,10.99
Div9,m,1990-1994,74,0.04421,0.04326,0.5,58375,2525,57113,609342,10.44
Div9,m,1990-1994,75,0.04851,0.04736,0.5,55850,2645,54528,552229,9.89
Div9,m,1990-1994,76,0.05365,0.05225,0.5,53205,2780,51815,497702,9.35
Div9,m,1990-1994,77,0.05809,0.05645,0.5,50425,2847,49002,445887,8.84
Div9,m,1990-1994,78,0.06291,0.06099,0.5,47579,2902,46128,396885,8.34
Div9,m,1990-1994,79,0.06878,0.06649,0.5,44677,2971,43191,350758,7.85
Div9,m,1990-1994,80,0.07933,0.07631,0.5,41706,3182,40115,307566,7.37
Div9,m,1990-1994,81,0.08759,0.08391,0.5,38523,3233,36907,267452,6.94
Div9,m,1990-1994,82,0.09707,0.09257,0.5,35291,3267,33657,230545,6.53
Div9,m,1990-1994,83,0.10655,0.10116,0.5,32024,3239,30404,196887,6.15
Div9,m,1990-1994,84,0.11588,0.10953,0.5,28784,3153,27208,166483,5.78
Div9,m,1990-1994,85,0.12614,0.11866,0.5,25632,3041,24111,139275,5.43
Div9,m,1990-1994,86,0.13871,0.12972,0.5,22590,2930,21125,115165,5.10
Div9,m,1990-1994,87,0.15108,0.14047,0.5,19660,2762,18279,94040,4.78
Div9,m,1990-1994,88,0.16494,0.15237,0.5,16898,2575,15611,75761,4.48
Div9,m,1990-1994,89,0.18122,0.16616,0.5,14323,2380,13133,60150,4.20
Div9,m,1990-1994,90,0.19720,0.17950,0.5,11943,2144,10872,47016,3.94
Div9,m,1990-1994,91,0.21367,0.19304,0.5,9800,1892,8854,36145,3.69
Div9,m,1990-1994,92,0.23697,0.21187,0.5,7908,1675,7070,27291,3.45
Div9,m,1990-1994,93,0.26125,0.23106,0.5,6232,1440,5512,20221,3.24
Div9,m,1990-1994,94,0.27753,0.24371,0.5,4792,1168,4208,14709,3.07
Div9,m,1990-1994,95,0.29652,0.25824,0.5,3624,936,3156,10500,2.90
Div9,m,1990-1994,96,0.31910,0.27519,0.5,2688,740,2319,7344,2.73
Div9,m,1990-1994,97,0.34255,0.29246,0.5,1949,570,1664,5025,2.58
Div9,m,1990-1994,98,0.36680,0.30996,0.5,1379,427,1165,3362,2.44
Div9,m,1990-1994,99,0.39175,0.32758,0.5,951,312,796,2197,2.31
Div9,m,1990-1994,100,0.41727,0.34524,0.5,640,221,529,1401,2.19
Div9,m,1990-1994,101,0.44324,0.36283,0.5,419,152,343,872,2.08
Div9,m,1990-1994,102,0.46953,0.38026,0.5,267,101,216,529,1.98
Div9,m,1990-1994,103,0.49599,0.39743,0.5,165,66,133,313,1.89
Div9,m,1990-1994,104,0.52247,0.41425,0.5,100,41,79,180,1.81
Div9,m,1990-1994,105,0.54882,0.43065,0.5,58,25,46,101,1.73
Div9,m,1990-1994,106,0.57490,0.44654,0.5,33,15,26,55,1.66
Div9,m,1990-1994,107,0.60058,0.46188,0.5,18,8,14,30,1.60
Div9,m,1990-1994,108,0.62571,0.47660,0.5,10,5,8,15,1.55
Div9,m,1990-1994,109,0.65018,0.49067,0.5,5,3,4,8,1.51
Div9,m,1990-1994,110+,0.67389,1.00000,1.48,3,3,4,4,1.48
Div9,m,1995-1999,0,0.00664,0.00660,0.06,100000,660,99382,7470524,74.71
Div9,m,1995-1999,1,0.00056,0.00056,0.5,99340,56,99313,7371142,74.20
Div9,m,1995-1999,2,0.00037,0.00037,0.5,99285,37,99266,7271830,73.24
Div9,m,1995-1999,3,0.00026,0.00026,0.5,99247,26,99235,7172564,72.27
Div9,m,1995-1999,4,0.00021,0.00021,0.5,99222,21,99211,7073329,71.29
Div9,m,1995-1999,5,0.00019,0.00019,0.5,99201,19,99191,6974118,70.30
Div9,m,1995-1999,6,0.00017,0.00017,0.5,99182,17,99173,6874926,69.32
Div9,m,1995-1999,7,0.00016,0.00016,0.5,99165,16,99157,6775753,68.33
Div9,m,1995-1999,8,0.00016,0.00016,0.5,99149,16,99141,6676596,67.34
Div9,m,1995-1999,9,0.00015,0.00015,0.5,99133,15,99126,6577455,66.35
Div9,m,1995-1999,10,0.00018,0.00018,0.5,99119,17,99110,6478329,65.36
Div9,m,1995-1999,11,0.00020,0.00020,0.5,99101,20,99091,6379219,64.37
Div9,m,1995-1999,12,0.00022,0.00022,0.5,99082,22,99071,6280128,63.38
Div9,m,1995-1999,13,0.00027,0.00027,0.5,99060,27,99046,6181057,62.40
Div9,m,1995-1999,14,0.00037,0.00037,0.5,99032,37,99014,6082011,61.41
Div9,m,1995-1999,15,0.00050,0.00050,0.5,98995,50,98970,5982997,60.44
Div9,m,1995-1999,16,0.00078,0.00078,0.5,98945,77,98907,5884027,59.47
Div9,m,1995-1999,17,0.00099,0.00099,0.5,98868,98,98820,5785120,58.51
Div9,m,1995-1999,18,0.00129,0.00129,0.5,98771,127,98707,5686300,57.57
Div9,m,1995-1999,19,0.00133,0.00133,0.5,98643,131,98578,5587593,56.64
Div9,m,1995-1999,20,0.00136,0.00136,0.5,98512,134,98445,5489016,55.72
Div9,m,1995-1999,21,0.00138,0.00138,0.5,98378,136,98310,5390570,54.79
Div9,m,1995-1999,22,0.00134,0.00134,0.5,98242,132,98177,5292260,53.87
Div9,m,1995-1999,23,0.00131,0.00131,0.5,98111,129,98046,5194084,52.94
Div9,m,1995-1999,24,0.00126,0.00126,0.5,97982,124,97920,5096037,52.01
Div9,m,1995-1999,25,0.00125,0.00125,0.5,97858,122,97797,4998117,51.08
Div9,m,1995-1999,26,0.00123,0.00123,0.5,97736,120,97676,4900320,50.14
Div9,m,1995-1999,27,0.00123,0.00123,0.5,97616,120,97556,4802643,49.20
Div9,m,1995-1999,28,0.00130,0.00130,0.5,97496,127,97433,4705087,48.26
Div9,m,1995-1999,29,0.00130,0.00130,0.5,97370,126,97306,4607654,47.32
Div9,m,1995-1999,30,0.00136,0.00136,0.5,97243,132,97177,4510348,46.38
Div9,m,1995-1999,31,0.00157,0.00157,0.5,97111,152,97035,4413171,45.44
Div9,m,1995-1999,32,0.00165,0.00165,0.5,96959,160,96879,4316136,44.52
Div9,m,1995-1999,33,0.00173,0.00173,0.5,96799,168,96715,4219257,43.59
Div9,m,1995-1999,34,0.00187,0.00187,0.5,96631,180,96541,4122542,42.66
Div9,m,1995-1999,35,0.00188,0.00188,0.5,96451,182,96360,4026001,41.74
Div9,m,1995-1999,36,0.00206,0.00206,0.5,96269,199,96170,3929641,40.82
Div9,m,1995-1999,37,0.00220,0.00219,0.5,96071,211,95965,3833471,39.90
Div9,m,1995-1999,38,0.00235,0.00234,0.5,95860,225,95748,3737506,38.99
Div9,m,1995-1999,39,0.00243,0.00242,0.5,95636,232,95520,3641758,38.08
Div9,m,1995-1999,40,0.00256,0.00256,0.5,95404,244,95282,3546238,37.17
Div9,m,1995-1999,41,0.00290,0.00289,0.5,95160,275,95022,3450956,36.26
Div9,m,1995-1999,42,0.00302,0.00302,0.5,94884,287,94741,3355934,35.37
Div9,m,1995-1999,43,0.00326,0.00326,0.5,94598,308,94444,3261193,34.47
Div9,m,1995-1999,44,0.00360,0.00359,0.5,94290,339,94120,3166749,33.59
Div9,m,1995-1999,45,0.00377,0.00376,0.5,93951,353,93774,3072629,32.70
Div9,m,1995-1999,46,0.00406,0.00405,0.5,93598,379,93408,2978855,31.83
Div9,m,1995-1999,47,0.00421,0.00420,0.5,93218,392,93022,2885447,30.95
Div9,m,1995-1999,48,0.00466,0.00465,0.5,92826,431,92611,2792425,30.08
Div9,m,1995-1999,49,0.00462,0.00461,0.5,92395,426,92182,2699814,29.22
Div9,m,1995-1999,50,0.00483,0.00482,0.5,91969,443,91747,2607632,28.35
Div9,m,1995-1999,51,0.00553,0.00552,0.5,91526,505,91273,2515885,27.49
Div9,m,1995-1999,52,0.00605,0.00603,0.5,91021,549,90746,2424612,26.64
Div9,m,1995-1999,53,0.00652,0.00650,0.5,90472,588,90178,2333866,25.80
Div9,m,1995-1999,54,0.00680,0.00677,0.5,89884,609,89580,2243688,24.96
Div9,m,1995-1999,55,0.00757,0.00755,0.5,89275,674,88939,2154108,24.13
Div9,m,1995-1999,56,0.00838,0.00835,0.5,88602,740,88232,2065169,23.31
Div9,m,1995-1999,57,0.00929,0.00925,0.5,87862,812,87456,1976937,22.50
Div9,m,1995-1999,58,0.00990,0.00985,0.5,87050,857,86621,1889481,21.71
Div9,m,1995-1999,59,0.01076,0.01070,0.5,86193,922,85732,1802860,20.92
Div9,m,1995-1999,60,0.01172,0.01165,0.5,85270,993,84774,1717128,20.14
Div9,m,1995-1999,61,0.01332,0.01323,0.5,84277,1115,83720,1632355,19.37
Div9,m,1995-1999,62,0.01495,0.01484,0.5,83162,1234,82545,1548635,18.62
Div9,m,1995-1999,63,0.01592,0.01580,0.5,81928,1294,81281,1466090,17.89
Div9,m,1995-1999,64,0.01746,0.01731,0.5,80634,1396,79936,1384810,17.17
Div9,m,1995-1999,65,0.01828,0.01811,0.5,79238,1435,78520,1304874,16.47
Div9,m,1995-1999,66,0.02008,0.01988,0.5,77802,1547,77029,1226354,15.76
Div9,m,1995-1999,67,0.02210,0.02185,0.5,76256,1667,75422,1149325,15.07
Div9,m,1995-1999,68,0.02427,0.02398,0.5,74589,1789,73695,1073903,14.40
Div9,m,1995-1999,69,0.02616,0.02582,0.5,72800,1880,71860,1000209,13.74
Div9,m,1995-1999,70,0.02916,0.02874,0.5,70920,2038,69901,928348,13.09
Div9,m,1995-1999,71,0.03224,0.03173,0.5,68882,2185,67789,858448,12.46
Div9,m,1995-1999,72,0.03571,0.03508,0.5,66696,2340,65526,790659,11.85
Div9,m,1995-1999,73,0.03846,0.03773,0.5,64356,2428,63142,725132,11.27
Div9,m,1995-1999,74,0.04152,0.04068,0.5,61928,2519,60669,661990,10.69
Div9,m,1995-1999,75,0.04531,0.04431,0.5,59409,2632,58093,601321,10.12
Div9,m,1995-1999,76,0.04960,0.04840,0.5,56777,2748,55403,543228,9.57
Div9,m,1995-1999,77,0.05398,0.05256,0.5,54029,2840,52609,487825,9.03
Div9,m,1995-1999,78,0.05834,0.05669,0.5,51190,2902,49739,435216,8.50
Div9,m,1995-1999,79,0.06406,0.06207,0.5,48288,2997,46789,385477,7.98
Div9,m,1995-1999,80,0.07471,0.07202,0.5,45290,3262,43659,338688,7.48
Div9,m,1995-1999,81,0.08350,0.08016,0.5,42029,3369,40344,295029,7.02
Div9,m,1995-1999,82,0.09214,0.08808,0.5,38660,3405,36957,254685,6.59
Div9,m,1995-1999,83,0.10241,0.09742,0.5,35254,3434,33537,217727,6.18
Div9,m,1995-1999,84,0.11218,0.10622,0.5,31820,3380,30130,184190,5.79
Div9,m,1995-1999,85,0.12372,0.11652,0.5,28440,3314,26783,154060,5.42
Div9,m,1995-1999,86,0.13644,0.12773,0.5,25126,3209,23522,127277,5.07
Div9,m,1995-1999,87,0.15084,0.14026,0.5,21917,3074,20380,103755,4.73
Div9,m,1995-1999,88,0.16594,0.15323,0.5,18843,2887,17399,83375,4.42
Div9,m,1995-1999,89,0.18298,0.16764,0.5,15956,2675,14618,65976,4.13
Div9,m,1995-1999,90,0.20249,0.18387,0.5,13281,2442,12060,51358,3.87
Div9,m,1995-1999,91,0.21900,0.19739,0.5,10839,2139,9769,39298,3.63
Div9,m,1995-1999,92,0.23763,0.21240,0.5,8699,1848,7776,29529,3.39
Div9,m,1995-1999,93,0.26301,0.23244,0.5,6852,1593,6055,21753,3.17
Div9,m,1995-1999,94,0.28110,0.24646,0.5,5259,1296,4611,15698,2.98
Div9,m,1995-1999,95,0.30685,0.26603,0.5,3963,1054,3436,11087,2.80
Div9,m,1995-1999,96,0.33150,0.28437,0.5,2909,827,2495,7651,2.63
Div9,m,1995-1999,97,0.35711,0.30301,0.5,2082,631,1766,5156,2.48
Div9,m,1995-1999,98,0.38357,0.32184,0.5,1451,467,1217,3390,2.34
Div9,m,1995-1999,99,0.41073,0.34075,0.5,984,335,816,2172,2.21
Div9,m,1995-1999,100,0.43845,0.35961,0.5,649,233,532,1356,2.09
Div9,m,1995-1999,101,0.46656,0.37831,0.5,415,157,337,824,1.98
Div9,m,1995-1999,102,0.49488,0.39672,0.5,258,102,207,487,1.89
Div9,m,1995-1999,103,0.52323,0.41473,0.5,156,65,123,280,1.80
Div9,m,1995-1999,104,0.55144,0.43226,0.5,91,39,71,157,1.72
Div9,m,1995-1999,105,0.57932,0.44920,0.5,52,23,40,85,1.65
Div9,m,1995-1999,106,0.60670,0.46549,0.5,29,13,22,45,1.58
Div9,m,1995-1999,107,0.63343,0.48107,0.5,15,7,12,23,1.53
Div9,m,1995-1999,108,0.65936,0.49588,0.5,8,4,6,12,1.48
Div9,m,1995-1999,109,0.68437,0.50989,0.5,4,2,3,6,1.44
Div9,m,1995-1999,110+,0.70835,1.00000,1.41,2,2,3,3,1.41
Div9,m,2000-2004,0,0.00615,0.00611,0.06,100000,611,99426,7597305,75.97
Div9,m,2000-2004,1,0.00048,0.00048,0.5,99389,48,99365,7497879,75.44
Div9,m,2000-2004,2,0.00031,0.00031,0.5,99341,31,99325,7398514,74.48
Div9,m,2000-2004,3,0.00026,0.00026,0.5,99310,26,99297,7299189,73.50
Div9,m,2000-2004,4,0.00019,0.00019,0.5,99284,18,99275,7199892,72.52
Div9,m,2000-2004,5,0.00017,0.00017,0.5,99266,17,99257,7100617,71.53
Div9,m,2000-2004,6,0.00017,0.00017,0.5,99248,17,99240,7001360,70.54
Div9,m,2000-2004,7,0.00014,0.00014,0.5,99231,14,99225,6902120,69.56
Div9,m,2000-2004,8,0.00014,0.00014,0.5,99218,14,99211,6802895,68.57
Div9,m,2000-2004,9,0.00014,0.00014,0.5,99204,14,99197,6703685,67.57
Div9,m,2000-2004,10,0.00017,0.00017,0.5,99190,17,99182,6604488,66.58
Div9,m,2000-2004,11,0.00014,0.00014,0.5,99174,14,99166,6505306,65.60
Div9,m,2000-2004,12,0.00018,0.00018,0.5,99159,18,99150,6406139,64.60
Div9,m,2000-2004,13,0.00022,0.00022,0.5,99142,21,99131,6306989,63.62
Div9,m,2000-2004,14,0.00029,0.00029,0.5,99120,29,99105,6207858,62.63
Div9,m,2000-2004,15,0.00039,0.00039,0.5,99091,39,99072,6108753,61.65
Div9,m,2000-2004,16,0.00059,0.00059,0.5,99052,58,99023,6009681,60.67
Div9,m,2000-2004,17,0.00080,0.00080,0.5,98994,79,98955,5910658,59.71
Div9,m,2000-2004,18,0.00113,0.00113,0.5,98915,112,98859,5811703,58.75
Div9,m,2000-2004,19,0.00122,0.00122,0.5,98803,120,98743,5712844,57.82
Div9,m,2000-2004,20,0.00120,0.00120,0.5,98683,119,98624,5614100,56.89
Div9,m,2000-2004,21,0.00126,0.00126,0.5,98564,124,98502,5515477,55.96
Div9,m,2000-2004,22,0.00122,0.00122,0.5,98440,120,98380,5416974,55.03
Div9,m,2000-2004,23,0.00113,0.00113,0.5,98320,111,98265,5318594,54.09
Div9,m,2000-2004,24,0.00110,0.00110,0.5,98209,108,98155,5220330,53.16
Div9,m,2000-2004,25,0.00107,0.00107,0.5,98101,105,98048,5122175,52.21
Div9,m,2000-2004,26,0.00117,0.00117,0.5,97995,115,97938,5024127,51.27
Div9,m,2000-2004,27,0.00110,0.00110,0.5,97881,108,97827,4926188,50.33
Div9,m,2000-2004,28,0.00104,0.00104,0.5,97773,101,97722,4828362,49.38
Div9,m,2000-2004,29,0.00104,0.00104,0.5,97671,101,97621,4730640,48.43
Div9,m,2000-2004,30,0.00108,0.00108,0.5,97570,105,97517,4633019,47.48
Div9,m,2000-2004,31,0.00117,0.00116,0.5,97465,113,97408,4535502,46.53
Div9,m,2000-2004,32,0.00126,0.00126,0.5,97351,122,97290,4438094,45.59
Div9,m,2000-2004,33,0.00133,0.00132,0.5,97229,129,97165,4340804,44.65
Div9,m,2000-2004,34,0.00139,0.00139,0.5,97100,135,97033,4243639,43.70
Div9,m,2000-2004,35,0.00147,0.00147,0.5,96965,143,96894,4146606,42.76
Div9,m,2000-2004,36,0.00159,0.00159,0.5,96823,154,96746,4049712,41.83
Div9,m,2000-2004,37,0.00168,0.00168,0.5,96669,162,96587,3952967,40.89
Div9,m,2000-2004,38,0.00191,0.00191,0.5,96506,184,96414,3856379,39.96
Div9,m,2000-2004,39,0.00201,0.00200,0.5,96322,193,96225,3759965,39.04
Div9,m,2000-2004,40,0.00216,0.00216,0.5,96129,208,96025,3663740,38.11
Div9,m,2000-2004,41,0.00237,0.00236,0.5,95921,227,95808,3567715,37.19
Div9,m,2000-2004,42,0.00256,0.00256,0.5,95694,245,95572,3471907,36.28
Div9,m,2000-2004,43,0.00276,0.00275,0.5,95449,263,95318,3376336,35.37
Div9,m,2000-2004,44,0.00305,0.00305,0.5,95186,290,95041,3281018,34.47
Div9,m,2000-2004,45,0.00332,0.00331,0.5,94896,314,94739,3185977,33.57
Div9,m,2000-2004,46,0.00368,0.00368,0.5,94582,348,94408,3091238,32.68
Div9,m,2000-2004,47,0.00398,0.00397,0.5,94234,374,94047,2996830,31.80
Div9,m,2000-2004,48,0.00441,0.00440,0.5,93860,413,93653,2902783,30.93
Div9,m,2000-2004,49,0.00458,0.00457,0.5,93447,427,93233,2809130,30.06
Div9,m,2000-2004,50,0.00494,0.00493,0.5,93019,459,92790,2715897,29.20
Div9,m,2000-2004,51,0.00534,0.00533,0.5,92561,493,92314,2623107,28.34
Div9,m,2000-2004,52,0.00571,0.00570,0.5,92068,525,91805,2530793,27.49
Div9,m,2000-2004,53,0.00622,0.00620,0.5,91543,568,91259,2438987,26.64
Div9,m,2000-2004,54,0.00655,0.00653,0.5,90975,594,90678,2347728,25.81
Div9,m,2000-2004,55,0.00718,0.00716,0.5,90381,647,90058,2257050,24.97
Div9,m,2000-2004,56,0.00764,0.00761,0.5,89734,683,89393,2166992,24.15
Div9,m,2000-2004,57,0.00821,0.00817,0.5,89052,728,88688,2077599,23.33
Div9,m,2000-2004,58,0.00890,0.00886,0.5,88324,782,87933,1988912,22.52
Div9,m,2000-2004,59,0.01005,0.01000,0.5,87541,875,87104,1900979,21.72
Div9,m,2000-2004,60,0.01096,0.01090,0.5,86666,945,86194,1813876,20.93
Div9,m,2000-2004,61,0.01173,0.01166,0.5,85721,1000,85221,1727682,20.15
Div9,m,2000-2004,62,0.01296,0.01288,0.5,84721,1091,84176,1642461,19.39
Div9,m,2000-2004,63,0.01392,0.01383,0.5,83630,1156,83052,1558285,18.63
Div9,m,2000-2004,64,0.01530,0.01518,0.5,82474,1252,81848,1475233,17.89
Div9,m,2000-2004,65,0.01657,0.01643,0.5,81222,1335,80554,1393385,17.16
Div9,m,2000-2004,66,0.01798,0.01782,0.5,79887,1424,79175,1312831,16.43
Div9,m,2000-2004,67,0.01949,0.01930,0.5,78463,1515,77706,1233656,15.72
Div9,m,2000-2004,68,0.02147,0.02124,0.5,76949,1635,76131,1155949,15.02
Div9,m,2000-2004,69,0.02328,0.02301,0.5,75314,1733,74448,1079818,14.34
Div9,m,2000-2004,70,0.02581,0.02549,0.5,73581,1875,72644,1005370,13.66
Div9,m,2000-2004,71,0.02815,0.02776,0.5,71706,1990,70711,932727,13.01
Div9,m,2000-2004,72,0.03062,0.03016,0.5,69716,2103,68664,862016,12.36
Div9,m,2000-2004,73,0.03423,0.03366,0.5,67613,2276,66475,793352,11.73
Div9,m,2000-2004,74,0.03681,0.03615,0.5,65337,2362,64156,726877,11.12
Div9,m,2000-2004,75,0.04114,0.04031,0.5,62976,2539,61706,662720,10.52
Div9,m,2000-2004,76,0.04492,0.04394,0.5,60437,2655,59109,601014,9.94
Div9,m,2000-2004,77,0.04912,0.04794,0.5,57781,2770,56396,541905,9.38
Div9,m,2000-2004,78,0.05360,0.05220,0.5,55011,2872,53575,485508,8.83
Div9,m,2000-2004,79,0.05892,0.05724,0.5,52139,2984,50647,431933,8.28
Div9,m,2000-2004,80,0.06862,0.06634,0.5,49155,3261,47525,381286,7.76
Div9,m,2000-2004,81,0.07571,0.07295,0.5,45894,3348,44220,333761,7.27
Div9,m,2000-2004,82,0.08393,0.08055,0.5,42546,3427,40833,289541,6.81
Div9,m,2000-2004,83,0.09400,0.08978,0.5,39119,3512,37363,248708,6.36
Div9,m,2000-2004,84,0.10513,0.09988,0.5,35607,3556,33829,211345,5.94
Div9,m,2000-2004,85,0.11481,0.10858,0.5,32051,3480,30311,177516,5.54
Div9,m,2000-2004,86,0.13062,0.12261,0.5,28571,3503,26819,147205,5.15
Div9,m,2000-2004,87,0.14455,0.13480,0.5,25068,3379,23378,120386,4.80
Div9,m,2000-2004,88,0.15977,0.14795,0.5,21688,3209,20084,97008,4.47
Div9,m,2000-2004,89,0.17899,0.16429,0.5,18480,3036,16962,76924,4.16
Div9,m,2000-2004,90,0.19707,0.17939,0.5,15444,2770,14058,59962,3.88
Div9,m,2000-2004,91,0.21436,0.19361,0.5,12673,2454,11446,45904,3.62
Div9,m,2000-2004,92,0.23495,0.21025,0.5,10220,2149,9145,34457,3.37
Div9,m,2000-2004,93,0.26271,0.23221,0.5,8071,1874,7134,25312,3.14
Div9,m,2000-2004,94,0.28814,0.25186,0.5,6197,1561,5416,18178,2.93
Div9,m,2000-2004,95,0.30998,0.26838,0.5,4636,1244,4014,12762,2.75
Div9,m,2000-2004,96,0.33662,0.28813,0.5,3392,977,2903,8748,2.58
Div9,m,2000-2004,97,0.36435,0.30820,0.5,2415,744,2042,5845,2.42
Div9,m,2000-2004,98,0.39300,0.32846,0.5,1670,549,1396,3803,2.28
Div9,m,2000-2004,99,0.42241,0.34875,0.5,1122,391,926,2407,2.15
Div9,m,2000-2004,100,0.45238,0.36893,0.5,731,270,596,1480,2.03
Div9,m,2000-2004,101,0.48270,0.38885,0.5,461,179,371,885,1.92
Div9,m,2000-2004,102,0.51315,0.40837,0.5,282,115,224,513,1.82
Div9,m,2000-2004,103,0.54350,0.42737,0.5,167,71,131,289,1.73
Div9,m,2000-2004,104,0.57353,0.44572,0.5,95,43,74,158,1.66
Div9,m,2000-2004,105,0.60303,0.46333,0.5,53,25,41,84,1.59
Div9,m,2000-2004,106,0.63180,0.48013,0.5,28,14,22,43,1.52
Div9,m,2000-2004,107,0.65966,0.49605,0.5,15,7,11,22,1.47
Div9,m,2000-2004,108,0.68646,0.51105,0.5,7,4,6,11,1.42
Div9,m,2000-2004,109,0.71207,0.52511,0.5,4,2,3,5,1.38
Div9,m,2000-2004,110+,0.73639,1.00000,1.36,2,2,2,2,1.36
Div9,m,2005-2009,0,0.00593,0.00590,0.06,100000,590,99446,7707971,77.08
Div9,m,2005-2009,1,0.00042,0.00042,0.5,99410,42,99389,7608525,76.54
Div9,m,2005-2009,2,0.00028,0.00028,0.5,99368,28,99354,7509136,75.57
Div9,m,2005-2009,3,0.00020,0.00020,0.5,99340,20,99330,7409782,74.59
Div9,m,2005-2009,4,0.00018,0.00018,0.5,99321,18,99312,7310452,73.60
Div9,m,2005-2009,5,0.00015,0.00015,0.5,99303,15,99295,7211140,72.62
Div9,m,2005-2009,6,0.00012,0.00012,0.5,99287,12,99281,7111845,71.63
Div9,m,2005-2009,7,0.00012,0.00012,0.5,99275,12,99269,7012564,70.64
Div9,m,2005-2009,8,0.00013,0.00013,0.5,99264,13,99257,6913294,69.65
Div9,m,2005-2009,9,0.00012,0.00012,0.5,99250,11,99244,6814037,68.66
Div9,m,2005-2009,10,0.00012,0.00012,0.5,99239,12,99233,6714793,67.66
Div9,m,2005-2009,11,0.00014,0.00014,0.5,99227,14,99220,6615560,66.67
Div9,m,2005-2009,12,0.00014,0.00014,0.5,99213,14,99206,6516340,65.68
Div9,m,2005-2009,13,0.00017,0.00017,0.5,99199,17,99191,6417134,64.69
Div9,m,2005-2009,14,0.00025,0.00025,0.5,99182,25,99170,6317943,63.70
Div9,m,2005-2009,15,0.00037,0.00037,0.5,99158,37,99139,6218773,62.72
Div9,m,2005-2009,16,0.00050,0.00050,0.5,99121,50,99096,6119634,61.74
Div9,m,2005-2009,17,0.00072,0.00072,0.5,99071,71,99036,6020538,60.77
Div9,m,2005-2009,18,0.00099,0.00099,0.5,99000,98,98951,5921503,59.81
Div9,m,2005-2009,19,0.00113,0.00113,0.5,98902,112,98846,5822552,58.87
Div9,m,2005-2009,20,0.00120,0.00120,0.5,98790,118,98731,5723706,57.94
Div9,m,2005-2009,21,0.00123,0.00123,0.5,98671,121,98611,5624975,57.01
Div9,m,2005-2009,22,0.00123,0.00123,0.5,98550,122,98489,5526364,56.08
Div9,m,2005-2009,23,0.00120,0.00120,0.5,98428,118,98369,5427875,55.15
Div9,m,2005-2009,24,0.00119,0.00119,0.5,98310,117,98252,5329506,54.21
Div9,m,2005-2009,25,0.00114,0.00114,0.5,98193,112,98137,5231254,53.28
Div9,m,2005-2009,26,0.00114,0.00114,0.5,98081,112,98025,5133117,52.34
Div9,m,2005-2009,27,0.00112,0.00112,0.5,97969,110,97914,5035092,51.39
Div9,m,2005-2009,28,0.00112,0.00112,0.5,97859,110,97804,4937178,50.45
Div9,m,2005-2009,29,0.00114,0.00113,0.5,97749,111,97694,4839374,49.51
Div9,m,2005-2009,30,0.00109,0.00109,0.5,97639,107,97585,4741680,48.56
Div9,m,2005-2009,31,0.00119,0.00119,0.5,97532,116,97474,4644095,47.62
Div9,m,2005-2009,32,0.00118,0.00118,0.5,97416,114,97359,4546621,46.67
Div9,m,2005-2009,33,0.00122,0.00122,0.5,97301,118,97242,4449262,45.73
Div9,m,2005-2009,34,0.00132,0.00132,0.5,97183,128,97119,4352020,44.78
Div9,m,2005-2009,35,0.00134,0.00134,0.5,97055,130,96990,4254902,43.84
Div9,m,2005-2009,36,0.00142,0.00142,0.5,96925,138,96856,4157912,42.90
Div9,m,2005-2009,37,0.00151,0.00151,0.5,96787,147,96714,4061056,41.96
Div9,m,2005-2009,38,0.00167,0.00167,0.5,96641,162,96560,3964341,41.02
Div9,m,2005-2009,39,0.00176,0.00176,0.5,96479,170,96394,3867781,40.09
Div9,m,2005-2009,40,0.00194,0.00194,0.5,96310,187,96216,3771387,39.16
Div9,m,2005-2009,41,0.00217,0.00217,0.5,96123,208,96019,3675171,38.23
Div9,m,2005-2009,42,0.00236,0.00236,0.5,95915,226,95802,3579152,37.32
Div9,m,2005-2009,43,0.00256,0.00256,0.5,95688,245,95566,3483350,36.40
Div9,m,2005-2009,44,0.00273,0.00273,0.5,95444,260,95314,3387784,35.50
Div9,m,2005-2009,45,0.00304,0.00303,0.5,95184,289,95039,3292471,34.59
Div9,m,2005-2009,46,0.00339,0.00338,0.5,94895,321,94734,3197431,33.69
Div9,m,2005-2009,47,0.00366,0.00365,0.5,94574,345,94401,3102697,32.81
Div9,m,2005-2009,48,0.00406,0.00405,0.5,94229,382,94038,3008296,31.93
Div9,m,2005-2009,49,0.00442,0.00441,0.5,93847,414,93640,2914258,31.05
Div9,m,2005-2009,50,0.00482,0.00481,0.5,93433,449,93209,2820618,30.19
Div9,m,2005-2009,51,0.00518,0.00517,0.5,92984,480,92744,2727409,29.33
Div9,m,2005-2009,52,0.00571,0.00570,0.5,92504,527,92240,2634665,28.48
Div9,m,2005-2009,53,0.00619,0.00617,0.5,91977,568,91693,2542425,27.64
Div9,m,2005-2009,54,0.00655,0.00653,0.5,91409,597,91110,2450732,26.81
Div9,m,2005-2009,55,0.00716,0.00714,0.5,90812,648,90488,2359622,25.98
Div9,m,2005-2009,56,0.00754,0.00752,0.5,90164,678,89825,2269134,25.17
Div9,m,2005-2009,57,0.00794,0.00791,0.5,89486,708,89132,2179309,24.35
Div9,m,2005-2009,58,0.00857,0.00853,0.5,88778,757,88400,2090177,23.54
Div9,m,2005-2009,59,0.00921,0.00917,0.5,88021,807,87617,2001777,22.74
Div9,m,2005-2009,60,0.01009,0.01004,0.5,87214,876,86776,1914160,21.95
Div9,m,2005-2009,61,0.01052,0.01046,0.5,86338,903,85887,1827384,21.17
Div9,m,2005-2009,62,0.01155,0.01148,0.5,85435,981,84944,1741497,20.38
Div9,m,2005-2009,63,0.01250,0.01242,0.5,84454,1049,83929,1656553,19.61
Div9,m,2005-2009,64,0.01370,0.01361,0.5,83405,1135,82837,1572623,18.86
Div9,m,2005-2009,65,0.01471,0.01460,0.5,82270,1201,81669,1489786,18.11
Div9,m,2005-2009,66,0.01585,0.01573,0.5,81069,1275,80431,1408117,17.37
Div9,m,2005-2009,67,0.01724,0.01709,0.5,79793,1364,79112,1327686,16.64
Div9,m,2005-2009,68,0.01880,0.01862,0.5,78430,1460,77700,1248575,15.92
Div9,m,2005-2009,69,0.02026,0.02006,0.5,76969,1544,76197,1170875,15.21
Div9,m,2005-2009,70,0.02219,0.02195,0.5,75425,1655,74598,1094678,14.51
Div9,m,2005-2009,71,0.02394,0.02366,0.5,73770,1745,72897,1020080,13.83
Div9,m,2005-2009,72,0.02658,0.02623,0.5,72025,1889,71080,947183,13.15
Div9,m,2005-2009,73,0.02897,0.02856,0.5,70136,2003,69134,876103,12.49
Div9,m,2005-2009,74,0.03225,0.03174,0.5,68133,2163,67052,806968,11.84
Div9,m,2005-2009,75,0.03587,0.03524,0.5,65970,2325,64808,739917,11.22
Div9,m,2005-2009,76,0.03845,0.03773,0.5,63646,2401,62445,675109,10.61
Div9,m,2005-2009,77,0.04252,0.04164,0.5,61244,2550,59969,612664,10.00
Div9,m,2005-2009,78,0.04704,0.04596,0.5,58694,2697,57345,552694,9.42
Div9,m,2005-2009,79,0.05195,0.05064,0.5,55997,2835,54579,495349,8.85
Div9,m,2005-2009,80,0.06085,0.05905,0.5,53161,3139,51592,440770,8.29
Div9,m,2005-2009,81,0.06792,0.06569,0.5,50022,3286,48379,389178,7.78
Div9,m,2005-2009,82,0.07512,0.07240,0.5,46736,3384,45044,340799,7.29
Div9,m,2005-2009,83,0.08259,0.07931,0.5,43352,3438,41633,295755,6.82
Div9,m,2005-2009,84,0.09348,0.08930,0.5,39914,3564,38132,254121,6.37
Div9,m,2005-2009,85,0.10238,0.09739,0.5,36350,3540,34580,215989,5.94
Div9,m,2005-2009,86,0.11474,0.10852,0.5,32809,3560,31029,181410,5.53
Div9,m,2005-2009,87,0.12812,0.12041,0.5,29249,3522,27488,150381,5.14
Div9,m,2005-2009,88,0.14284,0.13332,0.5,25727,3430,24012,122893,4.78
Div9,m,2005-2009,89,0.15914,0.14741,0.5,22297,3287,20654,98880,4.43
Div9,m,2005-2009,90,0.17744,0.16298,0.5,19010,3098,17461,78226,4.11
Div9,m,2005-2009,91,0.20040,0.18215,0.5,15912,2898,14463,60765,3.82
Div9,m,2005-2009,92,0.21762,0.19626,0.5,13014,2554,11737,46302,3.56
Div9,m,2005-2009,93,0.24523,0.21845,0.5,10460,2285,9317,34566,3.30
Div9,m,2005-2009,94,0.26968,0.23764,0.5,8175,1943,7203,25249,3.09
Div9,m,2005-2009,95,0.28941,0.25282,0.5,6232,1576,5444,18045,2.90
Div9,m,2005-2009,96,0.31572,0.27268,0.5,4656,1270,4022,12601,2.71
Div9,m,2005-2009,97,0.34327,0.29298,0.5,3387,992,2891,8579,2.53
Div9,m,2005-2009,98,0.37192,0.31360,0.5,2395,751,2019,5689,2.38
Div9,m,2005-2009,99,0.40150,0.33437,0.5,1644,550,1369,3670,2.23
Div9,m,2005-2009,100,0.43181,0.35513,0.5,1094,389,900,2301,2.10
Div9,m,2005-2009,101,0.46264,0.37573,0.5,705,265,573,1401,1.99
Div9,m,2005-2009,102,0.49376,0.39600,0.5,440,174,353,828,1.88
Div9,m,2005-2009,103,0.52493,0.41580,0.5,266,111,211,475,1.79
Div9,m,2005-2009,104,0.55590,0.43500,0.5,155,68,122,264,1.70
Div9,m,2005-2009,105,0.58645,0.45348,0.5,88,40,68,143,1.62
Div9,m,2005-2009,106,0.61635,0.47115,0.5,48,23,37,75,1.56
Div9,m,2005-2009,107,0.64539,0.48793,0.5,25,12,19,38,1.50
Div9,m,2005-2009,108,0.67340,0.50378,0.5,13,7,10,19,1.44
Div9,m,2005-2009,109,0.70022,0.51864,0.5,6,3,5,9,1.40
Div9,m,2005-2009,110+,0.72574,1.00000,1.38,3,3,4,4,1.38
Div9,m,2010-2014,0,0.00504,0.00502,0.06,100000,502,99528,7821140,78.21
Div9,m,2010-2014,1,0.00034,0.00034,0.5,99498,34,99481,7721613,77.61
Div9,m,2010-2014,2,0.00024,0.00024,0.5,99464,24,99452,7622131,76.63
Div9,m,2010-2014,3,0.00018,0.00018,0.5,99440,18,99431,7522679,75.65
Div9,m,2010-2014,4,0.00015,0.00015,0.5,99423,15,99415,7423248,74.66
Div9,m,2010-2014,5,0.00011,0.00011,0.5,99408,11,99403,7323833,73.67
Div9,m,2010-2014,6,0.00011,0.00011,0.5,99397,11,99392,7224430,72.68
Div9,m,2010-2014,7,0.00010,0.00010,0.5,99386,10,99381,7125039,71.69
Div9,m,2010-2014,8,0.00009,0.00009,0.5,99376,9,99372,7025657,70.70
Div9,m,2010-2014,9,0.00009,0.00009,0.5,99367,9,99363,6926286,69.70
Div9,m,2010-2014,10,0.00010,0.00010,0.5,99358,10,99353,6826923,68.71
Div9,m,2010-2014,11,0.00011,0.00011,0.5,99348,11,99343,6727570,67.72
Div9,m,2010-2014,12,0.00013,0.00013,0.5,99338,13,99331,6628227,66.72
Div9,m,2010-2014,13,0.00015,0.00015,0.5,99325,14,99317,6528896,65.73
Div9,m,2010-2014,14,0.00021,0.00021,0.5,99310,20,99300,6429579,64.74
Div9,m,2010-2014,15,0.00027,0.00027,0.5,99290,27,99276,6330279,63.76
Div9,m,2010-2014,16,0.00037,0.00037,0.5,99263,37,99244,6231003,62.77
Div9,m,2010-2014,17,0.00048,0.00048,0.5,99226,48,99202,6131759,61.80
Div9,m,2010-2014,18,0.00080,0.00080,0.5,99178,79,99139,6032557,60.83
Div9,m,2010-2014,19,0.00089,0.00089,0.5,99099,88,99055,5933418,59.87
Div9,m,2010-2014,20,0.00097,0.00097,0.5,99011,96,98963,5834363,58.93
Div9,m,2010-2014,21,0.00101,0.00101,0.5,98915,100,98865,5735399,57.98
Div9,m,2010-2014,22,0.00103,0.00103,0.5,98815,102,98764,5636534,57.04
Div9,m,2010-2014,23,0.00105,0.00105,0.5,98713,103,98662,5537770,56.10
Div9,m,2010-2014,24,0.00105,0.00105,0.5,98610,103,98558,5439108,55.16
Div9,m,2010-2014,25,0.00106,0.00106,0.5,98507,104,98455,5340549,54.22
Div9,m,2010-2014,26,0.00102,0.00102,0.5,98403,100,98352,5242095,53.27
Div9,m,2010-2014,27,0.00102,0.00102,0.5,98302,100,98252,5143742,52.33
Div9,m,2010-2014,28,0.00106,0.00106,0.5,98202,104,98150,5045490,51.38
Div9,m,2010-2014,29,0.00109,0.00109,0.5,98098,106,98045,4947340,50.43
Div9,m,2010-2014,30,0.00113,0.00113,0.5,97992,110,97937,4849295,49.49
Div9,m,2010-2014,31,0.00111,0.00111,0.5,97881,109,97827,4751358,48.54
Div9,m,2010-2014,32,0.00119,0.00119,0.5,97773,116,97715,4653531,47.60
Div9,m,2010-2014,33,0.00119,0.00119,0.5,97657,116,97599,4555816,46.65
Div9,m,2010-2014,34,0.00124,0.00124,0.5,97541,121,97480,4458218,45.71
Div9,m,2010-2014,35,0.00127,0.00127,0.5,97419,123,97358,4360738,44.76
Div9,m,2010-2014,36,0.00132,0.00132,0.5,97296,128,97232,4263380,43.82
Div9,m,2010-2014,37,0.00137,0.00137,0.5,97168,133,97101,4166148,42.88
Div9,m,2010-2014,38,0.00147,0.00147,0.5,97035,143,96963,4069047,41.93
Div9,m,2010-2014,39,0.00151,0.00151,0.5,96892,146,96819,3972084,41.00
Div9,m,2010-2014,40,0.00165,0.00165,0.5,96746,160,96666,3875265,40.06
Div9,m,2010-2014,41,0.00183,0.00183,0.5,96586,177,96498,3778599,39.12
Div9,m,2010-2014,42,0.00199,0.00199,0.5,96409,192,96313,3682102,38.19
Div9,m,2010-2014,43,0.00216,0.00216,0.5,96217,208,96113,3585789,37.27
Div9,m,2010-2014,44,0.00232,0.00232,0.5,96010,223,95898,3489675,36.35
Div9,m,2010-2014,45,0.00255,0.00255,0.5,95787,244,95665,3393777,35.43
Div9,m,2010-2014,46,0.00284,0.00284,0.5,95543,271,95407,3298112,34.52
Div9,m,2010-2014,47,0.00318,0.00317,0.5,95272,302,95121,3202705,33.62
Div9,m,2010-2014,48,0.00355,0.00355,0.5,94969,337,94801,3107585,32.72
Div9,m,2010-2014,49,0.00399,0.00398,0.5,94633,376,94444,3012784,31.84
Div9,m,2010-2014,50,0.00420,0.00419,0.5,94256,395,94059,2918339,30.96
Div9,m,2010-2014,51,0.00465,0.00464,0.5,93861,436,93643,2824281,30.09
Div9,m,2010-2014,52,0.00510,0.00509,0.5,93425,475,93188,2730638,29.23
Div9,m,2010-2014,53,0.00548,0.00547,0.5,92950,508,92696,2637450,28.37
Div9,m,2010-2014,54,0.00603,0.00601,0.5,92442,556,92164,2544754,27.53
Div9,m,2010-2014,55,0.00667,0.00665,0.5,91887,611,91581,2452589,26.69
Div9,m,2010-2014,56,0.00714,0.00711,0.5,91276,649,90951,2361008,25.87
Div9,m,2010-2014,57,0.00781,0.00778,0.5,90627,705,90274,2270057,25.05
Div9,m,2010-2014,58,0.00839,0.00835,0.5,89921,751,89546,2179783,24.24
Div9,m,2010-2014,59,0.00920,0.00916,0.5,89170,817,88761,2090238,23.44
Div9,m,2010-2014,60,0.00974,0.00969,0.5,88353,856,87925,2001476,22.65
Div9,m,2010-2014,61,0.01046,0.01040,0.5,87497,910,87042,1913551,21.87
Div9,m,2010-2014,62,0.01104,0.01098,0.5,86587,951,86111,1826509,21.09
Div9,m,2010-2014,63,0.01214,0.01207,0.5,85636,1033,85120,1740398,20.32
Div9,m,2010-2014,64,0.01275,0.01267,0.5,84603,1072,84067,1655279,19.57
Div9,m,2010-2014,65,0.01324,0.01316,0.5,83531,1099,82981,1571212,18.81
Div9,m,2010-2014,66,0.01457,0.01446,0.5,82432,1192,81836,1488230,18.05
Div9,m,2010-2014,67,0.01557,0.01545,0.5,81240,1255,80612,1406395,17.31
Div9,m,2010-2014,68,0.01693,0.01678,0.5,79984,1343,79313,1325783,16.58
Div9,m,2010-2014,69,0.01835,0.01818,0.5,78642,1430,77927,1246469,15.85
Div9,m,2010-2014,70,0.02023,0.02002,0.5,77212,1546,76439,1168542,15.13
Div9,m,2010-2014,71,0.02189,0.02166,0.5,75666,1639,74847,1092103,14.43
Div9,m,2010-2014,72,0.02382,0.02354,0.5,74028,1743,73156,1017256,13.74
Div9,m,2010-2014,73,0.02600,0.02566,0.5,72285,1855,71357,944100,13.06
Div9,m,2010-2014,74,0.02824,0.02785,0.5,70430,1961,69449,872743,12.39
Div9,m,2010-2014,75,0.03166,0.03116,0.5,68468,2134,67402,803294,11.73
Div9,m,2010-2014,76,0.03464,0.03405,0.5,66335,2259,65205,735892,11.09
Div9,m,2010-2014,77,0.03848,0.03775,0.5,64076,2419,62866,670687,10.47
Div9,m,2010-2014,78,0.04180,0.04094,0.5,61657,2524,60395,607821,9.86
Div9,m,2010-2014,79,0.04626,0.04522,0.5,59133,2674,57796,547426,9.26
Div9,m,2010-2014,80,0.05466,0.05321,0.5,56459,3004,54957,489630,8.67
Div9,m,2010-2014,81,0.06140,0.05957,0.5,53455,3185,51862,434674,8.13
Div9,m,2010-2014,82,0.06795,0.06571,0.5,50270,3303,48618,382811,7.62
Div9,m,2010-2014,83,0.07545,0.07271,0.5,46967,3415,45259,334193,7.12
Div9,m,2010-2014,84,0.08555,0.08204,0.5,43552,3573,41765,288934,6.63
Div9,m,2010-2014,85,0.09653,0.09208,0.5,39979,3681,38138,247169,6.18
Div9,m,2010-2014,86,0.10512,0.09987,0.5,36297,3625,34485,209031,5.76
Div9,m,2010-2014,87,0.11909,0.11240,0.5,32672,3672,30836,174546,5.34
Div9,m,2010-2014,88,0.13444,0.12597,0.5,29000,3653,27174,143710,4.96
Div9,m,2010-2014,89,0.15049,0.13996,0.5,25347,3547,23573,116536,4.60
Div9,m,2010-2014,90,0.16664,0.15383,0.5,21800,3353,20123,92963,4.26
Div9,m,2010-2014,91,0.18626,0.17039,0.5,18446,3143,16875,72840,3.95
Div9,m,2010-2014,92,0.20879,0.18906,0.5,15303,2893,13857,55965,3.66
Div9,m,2010-2014,93,0.23422,0.20966,0.5,12410,2602,11109,42108,3.39
Div9,m,2010-2014,94,0.26353,0.23285,0.5,9808,2284,8666,30999,3.16
Div9,m,2010-2014,95,0.27875,0.24465,0.5,7524,1841,6604,22333,2.97
Div9,m,2010-2014,96,0.30533,0.26489,0.5,5683,1506,4931,15729,2.77
Div9,m,2010-2014,97,0.33327,0.28567,0.5,4178,1194,3581,10799,2.58
Div9,m,2010-2014,98,0.36244,0.30684,0.5,2984,916,2527,7217,2.42
Div9,m,2010-2014,99,0.39266,0.32822,0.5,2069,679,1729,4691,2.27
Div9,m,2010-2014,100,0.42372,0.34964,0.5,1390,486,1147,2962,2.13
Div9,m,2010-2014,101,0.45540,0.37093,0.5,904,335,736,1815,2.01
Div9,m,2010-2014,102,0.48744,0.39192,0.5,569,223,457,1079,1.90
Div9,m,2010-2014,103,0.51958,0.41243,0.5,346,143,274,622,1.80
Div9,m,2010-2014,104,0.55156,0.43233,0.5,203,88,159,347,1.71
Div9,m,2010-2014,105,0.58313,0.45149,0.5,115,52,89,188,1.63
Div9,m,2010-2014,106,0.61402,0.46979,0.5,63,30,48,99,1.56
Div9,m,2010-2014,107,0.64403,0.48716,0.5,34,16,25,50,1.50
Div9,m,2010-2014,108,0.67294,0.50352,0.5,17,9,13,25,1.44
Div9,m,2010-2014,109,0.70060,0.51885,0.5,9,4,6,12,1.40
Div9,m,2010-2014,110+,0.72686,1.00000,1.38,4,4,6,6,1.38
Div9,m,2015-2019,0,0.00468,0.00466,0.06,100000,466,99561,7831361,78.31
Div9,m,2015-2019,1,0.00034,0.00034,0.5,99534,34,99517,7731801,77.68
Div9,m,2015-2019,2,0.00019,0.00019,0.5,99500,19,99490,7632284,76.71
Div9,m,2015-2019,3,0.00017,0.00017,0.5,99481,17,99473,7532793,75.72
Div9,m,2015-2019,4,0.00011,0.00011,0.5,99465,11,99459,7433320,74.73
Div9,m,2015-2019,5,0.00010,0.00010,0.5,99453,10,99448,7333861,73.74
Div9,m,2015-2019,6,0.00011,0.00011,0.5,99443,11,99438,7234413,72.75
Div9,m,2015-2019,7,0.00009,0.00009,0.5,99433,9,99428,7134975,71.76
Div9,m,2015-2019,8,0.00010,0.00010,0.5,99423,10,99418,7035547,70.76
Div9,m,2015-2019,9,0.00010,0.00010,0.5,99413,9,99409,6936129,69.77
Div9,m,2015-2019,10,0.00010,0.00010,0.5,99404,10,99399,6836720,68.78
Div9,m,2015-2019,11,0.00012,0.00012,0.5,99394,12,99388,6737322,67.78
Div9,m,2015-2019,12,0.00013,0.00013,0.5,99382,13,99376,6637934,66.79
Div9,m,2015-2019,13,0.00014,0.00014,0.5,99369,14,99362,6538558,65.80
Div9,m,2015-2019,14,0.00020,0.00020,0.5,99355,20,99346,6439196,64.81
Div9,m,2015-2019,15,0.00030,0.00030,0.5,99336,30,99321,6339850,63.82
Div9,m,2015-2019,16,0.00040,0.00040,0.5,99306,40,99286,6240529,62.84
Div9,m,2015-2019,17,0.00053,0.00053,0.5,99266,53,99240,6141243,61.87
Div9,m,2015-2019,18,0.00076,0.00076,0.5,99213,75,99176,6042003,60.90
Div9,m,2015-2019,19,0.00092,0.00092,0.5,99138,91,99092,5942827,59.94
Div9,m,2015-2019,20,0.00100,0.00100,0.5,99047,99,98998,5843735,59.00
Div9,m,2015-2019,21,0.00116,0.00116,0.5,98948,115,98891,5744737,58.06
Div9,m,2015-2019,22,0.00114,0.00114,0.5,98834,113,98777,5645846,57.12
Div9,m,2015-2019,23,0.00107,0.00107,0.5,98721,106,98668,5547069,56.19
Div9,m,2015-2019,24,0.00113,0.00113,0.5,98615,112,98559,5448402,55.25
Div9,m,2015-2019,25,0.00115,0.00115,0.5,98503,113,98447,5349843,54.31
Div9,m,2015-2019,26,0.00115,0.00115,0.5,98390,113,98334,5251396,53.37
Div9,m,2015-2019,27,0.00124,0.00124,0.5,98277,122,98216,5153062,52.43
Div9,m,2015-2019,28,0.00122,0.00122,0.5,98155,120,98095,5054846,51.50
Div9,m,2015-2019,29,0.00126,0.00126,0.5,98036,124,97974,4956751,50.56
Div9,m,2015-2019,30,0.00126,0.00126,0.5,97912,124,97850,4858777,49.62
Div9,m,2015-2019,31,0.00129,0.00129,0.5,97788,126,97725,4760927,48.69
Div9,m,2015-2019,32,0.00132,0.00132,0.5,97662,129,97598,4663201,47.75
Div9,m,2015-2019,33,0.00135,0.00135,0.5,97534,132,97468,4565603,46.81
Div9,m,2015-2019,34,0.00141,0.00141,0.5,97402,137,97333,4468136,45.87
Div9,m,2015-2019,35,0.00154,0.00153,0.5,97265,149,97190,4370802,44.94
Div9,m,2015-2019,36,0.00158,0.00158,0.5,97115,153,97039,4273613,44.01
Div9,m,2015-2019,37,0.00168,0.00167,0.5,96962,162,96881,4176574,43.07
Div9,m,2015-2019,38,0.00167,0.00167,0.5,96800,162,96719,4079693,42.15
Div9,m,2015-2019,39,0.00177,0.00177,0.5,96638,171,96553,3982974,41.22
Div9,m,2015-2019,40,0.00184,0.00184,0.5,96467,177,96379,3886421,40.29
Div9,m,2015-2019,41,0.00188,0.00188,0.5,96290,181,96200,3790042,39.36
Div9,m,2015-2019,42,0.00206,0.00206,0.5,96109,198,96010,3693843,38.43
Div9,m,2015-2019,43,0.00213,0.00213,0.5,95911,204,95809,3597833,37.51
Div9,m,2015-2019,44,0.00235,0.00235,0.5,95707,225,95595,3502024,36.59
Div9,m,2015-2019,45,0.00257,0.00257,0.5,95483,245,95360,3406429,35.68
Div9,m,2015-2019,46,0.00275,0.00275,0.5,95237,262,95106,3311069,34.77
Div9,m,2015-2019,47,0.00304,0.00304,0.5,94975,289,94831,3215963,33.86
Div9,m,2015-2019,48,0.00332,0.00331,0.5,94687,314,94530,3121132,32.96
Div9,m,2015-2019,49,0.00368,0.00367,0.5,94373,347,94200,3026602,32.07
Div9,m,2015-2019,50,0.00402,0.00402,0.5,94027,378,93838,2932402,31.19
Div9,m,2015-2019,51,0.00446,0.00445,0.5,93649,417,93441,2838564,30.31
Div9,m,2015-2019,52,0.00487,0.00486,0.5,93232,453,93006,2745123,29.44
Div9,m,2015-2019,53,0.00524,0.00523,0.5,92779,485,92536,2652118,28.59
Div9,m,2015-2019,54,0.00592,0.00591,0.5,92294,545,92021,2559581,27.73
Div9,m,2015-2019,55,0.00650,0.00648,0.5,91749,594,91452,2467560,26.89
Div9,m,2015-2019,56,0.00700,0.00698,0.5,91155,636,90837,2376108,26.07
Div9,m,2015-2019,57,0.00763,0.00760,0.5,90519,688,90174,2285271,25.25
Div9,m,2015-2019,58,0.00822,0.00819,0.5,89830,736,89462,2195097,24.44
Div9,m,2015-2019,59,0.00897,0.00893,0.5,89094,796,88696,2105635,23.63
Div9,m,2015-2019,60,0.00959,0.00954,0.5,88298,843,87877,2016938,22.84
Div9,m,2015-2019,61,0.01066,0.01060,0.5,87456,927,86992,1929061,22.06
Div9,m,2015-2019,62,0.01132,0.01126,0.5,86529,974,86042,1842069,21.29
Div9,m,2015-2019,63,0.01219,0.01212,0.5,85554,1037,85036,1756027,20.53
Div9,m,2015-2019,64,0.01298,0.01289,0.5,84518,1090,83973,1670991,19.77
Div9,m,2015-2019,65,0.01393,0.01384,0.5,83428,1154,82851,1587019,19.02
Div9,m,2015-2019,66,0.01486,0.01475,0.5,82273,1214,81667,1504168,18.28
Div9,m,2015-2019,67,0.01563,0.01551,0.5,81060,1257,80431,1422501,17.55
Div9,m,2015-2019,68,0.01701,0.01687,0.5,79802,1346,79129,1342070,16.82
Div9,m,2015-2019,69,0.01797,0.01781,0.5,78456,1397,77758,1262941,16.10
Div9,m,2015-2019,70,0.01965,0.01946,0.5,77059,1500,76309,1185183,15.38
Div9,m,2015-2019,71,0.02135,0.02112,0.5,75559,1596,74761,1108874,14.68
Div9,m,2015-2019,72,0.02316,0.02290,0.5,73963,1694,73116,1034113,13.98
Div9,m,2015-2019,73,0.02505,0.02474,0.5,72270,1788,71376,960996,13.30
Div9,m,2015-2019,74,0.02785,0.02747,0.5,70481,1936,69514,889621,12.62
Div9,m,2015-2019,75,0.03069,0.03023,0.5,68546,2072,67510,820107,11.96
Div9,m,2015-2019,76,0.03329,0.03274,0.5,66474,2176,65385,752597,11.32
Div9,m,2015-2019,77,0.03672,0.03606,0.5,64297,2319,63138,687212,10.69
Div9,m,2015-2019,78,0.04023,0.03943,0.5,61979,2444,60757,624074,10.07
Div9,m,2015-2019,79,0.04529,0.04429,0.5,59534,2637,58216,563318,9.46
Div9,m,2015-2019,80,0.05197,0.05065,0.5,56898,2882,55457,505102,8.88
Div9,m,2015-2019,81,0.05780,0.05618,0.5,54016,3034,52499,449645,8.32
Div9,m,2015-2019,82,0.06450,0.06249,0.5,50981,3186,49389,397146,7.79
Div9,m,2015-2019,83,0.07216,0.06964,0.5,47796,3329,46131,347758,7.28
Div9,m,2015-2019,84,0.08158,0.07838,0.5,44467,3485,42724,301627,6.78
Div9,m,2015-2019,85,0.09129,0.08731,0.5,40982,3578,39193,258902,6.32
Div9,m,2015-2019,86,0.10188,0.09694,0.5,37404,3626,35591,219709,5.87
Div9,m,2015-2019,87,0.11432,0.10814,0.5,33778,3653,31951,184119,5.45
Div9,m,2015-2019,88,0.12905,0.12123,0.5,30125,3652,28299,152167,5.05
Div9,m,2015-2019,89,0.14502,0.13522,0.5,26473,3580,24683,123868,4.68
Div9,m,2015-2019,90,0.16386,0.15146,0.5,22893,3467,21160,99185,4.33
Div9,m,2015-2019,91,0.18278,0.16748,0.5,19426,3253,17799,78026,4.02
Div9,m,2015-2019,92,0.20324,0.18449,0.5,16173,2984,14681,60226,3.72
Div9,m,2015-2019,93,0.22932,0.20573,0.5,13189,2713,11832,45546,3.45
Div9,m,2015-2019,94,0.24987,0.22212,0.5,10475,2327,9312,33714,3.22
Div9,m,2015-2019,95,0.27450,0.24137,0.5,8149,1967,7165,24402,2.99
Div9,m,2015-2019,96,0.30141,0.26194,0.5,6182,1619,5372,17236,2.79
Div9,m,2015-2019,97,0.32976,0.28308,0.5,4563,1292,3917,11864,2.60
Div9,m,2015-2019,98,0.35940,0.30465,0.5,3271,997,2773,7947,2.43
Div9,m,2015-2019,99,0.39015,0.32647,0.5,2274,743,1903,5175,2.28
Div9,m,2015-2019,100,0.42181,0.34834,0.5,1532,534,1265,3271,2.14
Div9,m,2015-2019,101,0.45412,0.37009,0.5,998,369,814,2006,2.01
Div9,m,2015-2019,102,0.48682,0.39152,0.5,629,246,506,1193,1.90
Div9,m,2015-2019,103,0.51963,0.41247,0.5,383,158,304,687,1.80
Div9,m,2015-2019,104,0.55228,0.43277,0.5,225,97,176,383,1.71
Div9,m,2015-2019,105,0.58448,0.45230,0.5,128,58,99,207,1.62
Div9,m,2015-2019,106,0.61597,0.47093,0.5,70,33,53,108,1.55
Div9,m,2015-2019,107,0.64652,0.48858,0.5,37,18,28,55,1.49
Div9,m,2015-2019,108,0.67592,0.50519,0.5,19,10,14,27,1.44
Div9,m,2015-2019,109,0.70400,0.52071,0.5,9,5,7,13,1.40
Div9,m,2015-2019,110+,0.73061,1.00000,1.37,4,4,6,6,1.37
Div9,m,2020-2022,0,0.00442,0.00440,0.06,100000,440,99585,7627637,76.28
Div9,m,2020-2022,1,0.00032,0.00032,0.5,99560,32,99544,7528052,75.61
Div9,m,2020-2022,2,0.00020,0.00020,0.5,99528,20,99518,7428508,74.64
Div9,m,2020-2022,3,0.00018,0.00018,0.5,99508,18,99500,7328989,73.65
Div9,m,2020-2022,4,0.00011,0.00011,0.5,99491,11,99485,7229489,72.66
Div9,m,2020-2022,5,0.00011,0.00011,0.5,99480,11,99474,7130004,71.67
Div9,m,2020-2022,6,0.00010,0.00010,0.5,99469,10,99464,7030530,70.68
Div9,m,2020-2022,7,0.00010,0.00010,0.5,99459,10,99454,6931066,69.69
Div9,m,2020-2022,8,0.00010,0.00010,0.5,99449,10,99444,6831613,68.69
Div9,m,2020-2022,9,0.00009,0.00009,0.5,99439,9,99435,6732168,67.70
Div9,m,2020-2022,10,0.00010,0.00010,0.5,99430,10,99425,6632734,66.71
Div9,m,2020-2022,11,0.00011,0.00011,0.5,99420,11,99414,6533309,65.71
Div9,m,2020-2022,12,0.00013,0.00013,0.5,99409,13,99402,6433894,64.72
Div9,m,2020-2022,13,0.00016,0.00016,0.5,99396,16,99388,6334492,63.73
Div9,m,2020-2022,14,0.00023,0.00023,0.5,99379,23,99368,6235104,62.74
Div9,m,2020-2022,15,0.00034,0.00034,0.5,99356,34,99339,6135736,61.75
Div9,m,2020-2022,16,0.00044,0.00044,0.5,99322,44,99300,6036397,60.78
Div9,m,2020-2022,17,0.00065,0.00065,0.5,99278,64,99246,5937097,59.80
Div9,m,2020-2022,18,0.00094,0.00094,0.5,99214,94,99167,5837851,58.84
Div9,m,2020-2022,19,0.00114,0.00114,0.5,99120,113,99064,5738683,57.90
Div9,m,2020-2022,20,0.00123,0.00123,0.5,99008,122,98947,5639619,56.96
Div9,m,2020-2022,21,0.00133,0.00133,0.5,98886,131,98820,5540673,56.03
Div9,m,2020-2022,22,0.00142,0.00142,0.5,98755,140,98685,5441852,55.10
Div9,m,2020-2022,23,0.00150,0.00150,0.5,98614,148,98540,5343168,54.18
Div9,m,2020-2022,24,0.00158,0.00157,0.5,98466,155,98389,5244627,53.26
Div9,m,2020-2022,25,0.00162,0.00162,0.5,98311,159,98232,5146239,52.35
Div9,m,2020-2022,26,0.00167,0.00167,0.5,98152,163,98070,5048007,51.43
Div9,m,2020-2022,27,0.00172,0.00172,0.5,97988,169,97904,4949937,50.52
Div9,m,2020-2022,28,0.00181,0.00181,0.5,97820,177,97731,4852033,49.60
Div9,m,2020-2022,29,0.00198,0.00198,0.5,97643,193,97546,4754301,48.69
Div9,m,2020-2022,30,0.00205,0.00205,0.5,97450,200,97350,4656755,47.79
Div9,m,2020-2022,31,0.00202,0.00202,0.5,97250,196,97152,4559405,46.88
Div9,m,2020-2022,32,0.00213,0.00213,0.5,97054,207,96951,4462253,45.98
Div9,m,2020-2022,33,0.00222,0.00222,0.5,96847,215,96740,4365303,45.07
Div9,m,2020-2022,34,0.00216,0.00216,0.5,96633,208,96528,4268563,44.17
Div9,m,2020-2022,35,0.00225,0.00225,0.5,96424,217,96316,4172034,43.27
Div9,m,2020-2022,36,0.00238,0.00238,0.5,96208,229,96093,4075718,42.36
Div9,m,2020-2022,37,0.00250,0.00250,0.5,95978,240,95859,3979625,41.46
Div9,m,2020-2022,38,0.00251,0.00251,0.5,95739,240,95619,3883767,40.57
Div9,m,2020-2022,39,0.00275,0.00275,0.5,95499,262,95367,3788148,39.67
Div9,m,2020-2022,40,0.00288,0.00287,0.5,95236,273,95099,3692781,38.78
Div9,m,2020-2022,41,0.00295,0.00295,0.5,94963,280,94823,3597682,37.89
Div9,m,2020-2022,42,0.00306,0.00306,0.5,94683,289,94538,3502859,37.00
Div9,m,2020-2022,43,0.00321,0.00320,0.5,94393,302,94242,3408321,36.11
Div9,m,2020-2022,44,0.00349,0.00348,0.5,94091,328,93927,3314079,35.22
Div9,m,2020-2022,45,0.00354,0.00353,0.5,93764,331,93598,3220152,34.34
Div9,m,2020-2022,46,0.00379,0.00378,0.5,93432,353,93256,3126554,33.46
Div9,m,2020-2022,47,0.00409,0.00408,0.5,93079,380,92889,3033298,32.59
Div9,m,2020-2022,48,0.00431,0.00431,0.5,92699,399,92500,2940409,31.72
Div9,m,2020-2022,49,0.00471,0.00469,0.5,92300,433,92083,2847910,30.85
Div9,m,2020-2022,50,0.00511,0.00510,0.5,91867,468,91632,2755826,30.00
Div9,m,2020-2022,51,0.00556,0.00554,0.5,91398,506,91145,2664194,29.15
Div9,m,2020-2022,52,0.00602,0.00600,0.5,90892,545,90619,2573049,28.31
Div9,m,2020-2022,53,0.00647,0.00645,0.5,90346,583,90055,2482429,27.48
Div9,m,2020-2022,54,0.00722,0.00720,0.5,89763,646,89440,2392375,26.65
Div9,m,2020-2022,55,0.00761,0.00759,0.5,89117,676,88779,2302934,25.84
Div9,m,2020-2022,56,0.00850,0.00847,0.5,88441,749,88067,2214155,25.04
Div9,m,2020-2022,57,0.00912,0.00908,0.5,87693,796,87295,2126088,24.24
Div9,m,2020-2022,58,0.00978,0.00973,0.5,86897,845,86474,2038793,23.46
Div9,m,2020-2022,59,0.01060,0.01054,0.5,86051,907,85598,1952320,22.69
Div9,m,2020-2022,60,0.01159,0.01153,0.5,85144,982,84653,1866722,21.92
Div9,m,2020-2022,61,0.01266,0.01258,0.5,84162,1059,83633,1782069,21.17
Div9,m,2020-2022,62,0.01320,0.01312,0.5,83104,1090,82559,1698436,20.44
Div9,m,2020-2022,63,0.01427,0.01417,0.5,82014,1162,81433,1615877,19.70
Div9,m,2020-2022,64,0.01549,0.01537,0.5,80852,1243,80230,1534444,18.98
Div9,m,2020-2022,65,0.01639,0.01626,0.5,79609,1294,78961,1454214,18.27
Div9,m,2020-2022,66,0.01733,0.01718,0.5,78314,1346,77641,1375253,17.56
Div9,m,2020-2022,67,0.01877,0.01860,0.5,76968,1431,76253,1297611,16.86
Div9,m,2020-2022,68,0.01965,0.01946,0.5,75537,1470,74802,1221359,16.17
Div9,m,2020-2022,69,0.02114,0.02092,0.5,74067,1550,73292,1146557,15.48
Div9,m,2020-2022,70,0.02285,0.02260,0.5,72518,1639,71698,1073264,14.80
Div9,m,2020-2022,71,0.02382,0.02354,0.5,70879,1669,70045,1001566,14.13
Div9,m,2020-2022,72,0.02594,0.02560,0.5,69210,1772,68324,931521,13.46
Div9,m,2020-2022,73,0.02829,0.02790,0.5,67438,1881,66498,863197,12.80
Div9,m,2020-2022,74,0.03053,0.03008,0.5,65557,1972,64571,796699,12.15
Div9,m,2020-2022,75,0.03410,0.03353,0.5,63585,2132,62519,732128,11.51
Div9,m,2020-2022,76,0.03671,0.03605,0.5,61453,2215,60345,669609,10.90
Div9,m,2020-2022,77,0.04173,0.04088,0.5,59238,2422,58027,609264,10.29
Div9,m,2020-2022,78,0.04589,0.04486,0.5,56816,2549,55542,551237,9.70
Div9,m,2020-2022,79,0.05090,0.04963,0.5,54267,2694,52920,495695,9.13
Div9,m,2020-2022,80,0.05582,0.05431,0.5,51574,2801,50173,442775,8.59
Div9,m,2020-2022,81,0.06130,0.05948,0.5,48773,2901,47322,392602,8.05
Div9,m,2020-2022,82,0.06917,0.06686,0.5,45872,3067,44338,345280,7.53
Div9,m,2020-2022,83,0.07747,0.07458,0.5,42805,3192,41209,300941,7.03
Div9,m,2020-2022,84,0.08612,0.08256,0.5,39612,3270,37977,259733,6.56
Div9,m,2020-2022,85,0.09688,0.09240,0.5,36342,3358,34663,221755,6.10
Div9,m,2020-2022,86,0.10855,0.10296,0.5,32984,3396,31286,187092,5.67
Div9,m,2020-2022,87,0.12173,0.11475,0.5,29588,3395,27890,155806,5.27
Div9,m,2020-2022,88,0.13651,0.12779,0.5,26193,3347,24519,127916,4.88
Div9,m,2020-2022,89,0.15057,0.14003,0.5,22846,3199,21246,103397,4.53
Div9,m,2020-2022,90,0.17206,0.15843,0.5,19647,3113,18090,82151,4.18
Div9,m,2020-2022,91,0.19324,0.17622,0.5,16534,2914,15077,64060,3.87
Div9,m,2020-2022,92,0.21361,0.19300,0.5,13620,2629,12306,48983,3.60
Div9,m,2020-2022,93,0.23906,0.21353,0.5,10992,2347,9818,36677,3.34
Div9,m,2020-2022,94,0.26220,0.23181,0.5,8645,2004,7643,26859,3.11
Div9,m,2020-2022,95,0.28732,0.25123,0.5,6641,1668,5806,19216,2.89
Div9,m,2020-2022,96,0.31484,0.27202,0.5,4972,1353,4296,13410,2.70
Div9,m,2020-2022,97,0.34373,0.29332,0.5,3620,1062,3089,9114,2.52
Div9,m,2020-2022,98,0.37383,0.31496,0.5,2558,806,2155,6025,2.36
Div9,m,2020-2022,99,0.40493,0.33675,0.5,1752,590,1457,3870,2.21
Div9,m,2020-2022,100,0.43681,0.35851,0.5,1162,417,954,2412,2.08
Div9,m,2020-2022,101,0.46923,0.38006,0.5,746,283,604,1459,1.96
Div9,m,2020-2022,102,0.50191,0.40122,0.5,462,185,369,855,1.85
Div9,m,2020-2022,103,0.53457,0.42182,0.5,277,117,218,485,1.75
Div9,m,2020-2022,104,0.56693,0.44172,0.5,160,71,125,267,1.67
Div9,m,2020-2022,105,0.59874,0.46079,0.5,89,41,69,142,1.59
Div9,m,2020-2022,106,0.62974,0.47893,0.5,48,23,37,73,1.52
Div9,m,2020-2022,107,0.65970,0.49607,0.5,25,12,19,37,1.46
Div9,m,2020-2022,108,0.68844,0.51215,0.5,13,6,9,18,1.41
Div9,m,2020-2022,109,0.71579,0.52713,0.5,6,3,5,8,1.37
Div9,m,2020-2022,110+,0.74165,1.00000,1.35,3,3,4,4,1.35
